{
    "Ja'Marr Chase": {
        "Rk": "1",
        "Age": "24",
        "Pos": "WR",
        "G": "12",
        "GS": "12",
        "Att": "1",
        "Yds": "11",
        "TD": "0",
        "1D": "1",
        "Succ%": "100.0",
        "Lng": "11",
        "Y/A": "11.0",
        "Y/G": "0.9",
        "A/G": "0.1",
        "Tgt": "109",
        "Rec": "79",
        "Y/R": "14.5",
        "R/G": "6.6",
        "Ctch%": "72.5",
        "Y/Tgt": "10.5",
        "Touch": "80",
        "Y/Tch": "14.4",
        "YScm": "1153",
        "RRTD": "13",
        "Fmb": "0",
        "Awards": ""
    },
    "Chase Brown": {
        "Rk": "2",
        "Age": "24",
        "Pos": "RB",
        "G": "12",
        "GS": "6",
        "Att": "152",
        "Yds": "677",
        "TD": "6",
        "1D": "29",
        "Succ%": "52.0",
        "Lng": "40",
        "Y/A": "4.5",
        "Y/G": "56.4",
        "A/G": "12.7",
        "Tgt": "47",
        "Rec": "38",
        "Y/R": "6.2",
        "R/G": "3.2",
        "Ctch%": "80.9",
        "Y/Tgt": "5.0",
        "Touch": "190",
        "Y/Tch": "4.8",
        "YScm": "914",
        "RRTD": "8",
        "Fmb": "2",
        "Awards": ""
    },
    "Tee Higgins": {
        "Rk": "3",
        "Age": "25",
        "Pos": "WR",
        "G": "7",
        "GS": "5",
        "Att": "0",
        "Yds": "0",
        "TD": "0",
        "1D": "0",
        "Succ%": "",
        "Lng": "",
        "Y/A": "",
        "Y/G": "0.0",
        "A/G": "0.0",
        "Tgt": "68",
        "Rec": "43",
        "Y/R": "13.0",
        "R/G": "6.1",
        "Ctch%": "63.2",
        "Y/Tgt": "8.2",
        "Touch": "43",
        "Y/Tch": "13.0",
        "YScm": "558",
        "RRTD": "5",
        "Fmb": "0",
        "Awards": ""
    },
    "Mike Gesicki": {
        "Rk": "4",
        "Age": "29",
        "Pos": "TE",
        "G": "12",
        "GS": "3",
        "Att": "0",
        "Yds": "0",
        "TD": "0",
        "1D": "0",
        "Succ%": "",
        "Lng": "",
        "Y/A": "",
        "Y/G": "0.0",
        "A/G": "0.0",
        "Tgt": "52",
        "Rec": "39",
        "Y/R": "11.2",
        "R/G": "3.3",
        "Ctch%": "75.0",
        "Y/Tgt": "8.4",
        "Touch": "39",
        "Y/Tch": "11.2",
        "YScm": "436",
        "RRTD": "2",
        "Fmb": "1",
        "Awards": ""
    },
    "Zack Moss": {
        "Rk": "5",
        "Age": "27",
        "Pos": "RB",
        "G": "8",
        "GS": "6",
        "Att": "74",
        "Yds": "242",
        "TD": "2",
        "1D": "13",
        "Succ%": "36.5",
        "Lng": "16",
        "Y/A": "3.3",
        "Y/G": "30.3",
        "A/G": "9.3",
        "Tgt": "27",
        "Rec": "23",
        "Y/R": "8.1",
        "R/G": "2.9",
        "Ctch%": "85.2",
        "Y/Tgt": "6.9",
        "Touch": "97",
        "Y/Tch": "4.4",
        "YScm": "429",
        "RRTD": "3",
        "Fmb": "2",
        "Awards": ""
    },
    "Andrei Iosivas": {
        "Rk": "6",
        "Age": "25",
        "Pos": "WR",
        "G": "12",
        "GS": "7",
        "Att": "0",
        "Yds": "0",
        "TD": "0",
        "1D": "0",
        "Succ%": "",
        "Lng": "",
        "Y/A": "",
        "Y/G": "0.0",
        "A/G": "0.0",
        "Tgt": "42",
        "Rec": "23",
        "Y/R": "13.4",
        "R/G": "1.9",
        "Ctch%": "54.8",
        "Y/Tgt": "7.4",
        "Touch": "23",
        "Y/Tch": "13.4",
        "YScm": "309",
        "RRTD": "5",
        "Fmb": "0",
        "Awards": ""
    },
    "Joe Burrow": {
        "Rk": "7",
        "Age": "28",
        "Pos": "QB",
        "G": "12",
        "GS": "12",
        "Att": "33",
        "Yds": "160",
        "TD": "1",
        "1D": "13",
        "Succ%": "48.5",
        "Lng": "47",
        "Y/A": "4.8",
        "Y/G": "13.3",
        "A/G": "2.8",
        "Tgt": "0",
        "Rec": "0",
        "Y/R": "",
        "R/G": "0.0",
        "Ctch%": "",
        "Y/Tgt": "",
        "Touch": "33",
        "Y/Tch": "4.8",
        "YScm": "160",
        "RRTD": "1",
        "Fmb": "7",
        "Awards": ""
    },
    "Erick All": {
        "Rk": "8",
        "Age": "24",
        "Pos": "TE",
        "G": "9",
        "GS": "6",
        "Att": "0",
        "Yds": "0",
        "TD": "0",
        "1D": "0",
        "Succ%": "",
        "Lng": "",
        "Y/A": "",
        "Y/G": "0.0",
        "A/G": "0.0",
        "Tgt": "22",
        "Rec": "20",
        "Y/R": "7.9",
        "R/G": "2.2",
        "Ctch%": "90.9",
        "Y/Tgt": "7.2",
        "Touch": "20",
        "Y/Tch": "7.9",
        "YScm": "158",
        "RRTD": "0",
        "Fmb": "0",
        "Awards": ""
    },
    "Tanner Hudson": {
        "Rk": "9",
        "Age": "30",
        "Pos": "TE",
        "G": "8",
        "GS": "0",
        "Att": "1",
        "Yds": "1",
        "TD": "0",
        "1D": "1",
        "Succ%": "100.0",
        "Lng": "1",
        "Y/A": "1.0",
        "Y/G": "0.1",
        "A/G": "0.1",
        "Tgt": "20",
        "Rec": "16",
        "Y/R": "7.2",
        "R/G": "2.0",
        "Ctch%": "80.0",
        "Y/Tgt": "5.8",
        "Touch": "17",
        "Y/Tch": "6.8",
        "YScm": "116",
        "RRTD": "1",
        "Fmb": "1",
        "Awards": ""
    },
    "Jermaine Burton": {
        "Rk": "10",
        "Age": "23",
        "Pos": "WR",
        "G": "10",
        "GS": "1",
        "Att": "0",
        "Yds": "0",
        "TD": "0",
        "1D": "0",
        "Succ%": "",
        "Lng": "",
        "Y/A": "",
        "Y/G": "0.0",
        "A/G": "0.0",
        "Tgt": "14",
        "Rec": "4",
        "Y/R": "26.8",
        "R/G": "0.4",
        "Ctch%": "28.6",
        "Y/Tgt": "7.6",
        "Touch": "4",
        "Y/Tch": "26.8",
        "YScm": "107",
        "RRTD": "0",
        "Fmb": "0",
        "Awards": ""
    },
    "Drew Sample": {
        "Rk": "11",
        "Age": "28",
        "Pos": "TE",
        "G": "12",
        "GS": "10",
        "Att": "1",
        "Yds": "-4",
        "TD": "0",
        "1D": "0",
        "Succ%": "0.0",
        "Lng": "",
        "Y/A": "-4.0",
        "Y/G": "-0.3",
        "A/G": "0.1",
        "Tgt": "13",
        "Rec": "11",
        "Y/R": "5.4",
        "R/G": "0.9",
        "Ctch%": "84.6",
        "Y/Tgt": "4.5",
        "Touch": "12",
        "Y/Tch": "4.6",
        "YScm": "55",
        "RRTD": "1",
        "Fmb": "1",
        "Awards": ""
    },
    "Trenton Irwin": {
        "Rk": "12",
        "Age": "29",
        "Pos": "WR",
        "G": "7",
        "GS": "2",
        "Att": "0",
        "Yds": "0",
        "TD": "0",
        "1D": "0",
        "Succ%": "",
        "Lng": "",
        "Y/A": "",
        "Y/G": "0.0",
        "A/G": "0.0",
        "Tgt": "10",
        "Rec": "3",
        "Y/R": "5.0",
        "R/G": "0.4",
        "Ctch%": "30.0",
        "Y/Tgt": "1.5",
        "Touch": "3",
        "Y/Tch": "5.0",
        "YScm": "15",
        "RRTD": "0",
        "Fmb": "0",
        "Awards": ""
    },
    "Khalil Herbert": {
        "Rk": "13",
        "Age": "26",
        "Pos": "RB",
        "G": "3",
        "GS": "0",
        "Att": "1",
        "Yds": "14",
        "TD": "0",
        "1D": "1",
        "Succ%": "100.0",
        "Lng": "14",
        "Y/A": "14.0",
        "Y/G": "4.7",
        "A/G": "0.3",
        "Tgt": "0",
        "Rec": "0",
        "Y/R": "",
        "R/G": "0.0",
        "Ctch%": "",
        "Y/Tgt": "",
        "Touch": "1",
        "Y/Tch": "14.0",
        "YScm": "14",
        "RRTD": "0",
        "Fmb": "0",
        "Awards": ""
    },
    "Kendric Pryor": {
        "Rk": "14",
        "Age": "26",
        "Pos": "WR",
        "G": "1",
        "GS": "0",
        "Att": "0",
        "Yds": "0",
        "TD": "0",
        "1D": "0",
        "Succ%": "",
        "Lng": "",
        "Y/A": "",
        "Y/G": "0.0",
        "A/G": "0.0",
        "Tgt": "1",
        "Rec": "1",
        "Y/R": "9.0",
        "R/G": "1.0",
        "Ctch%": "100.0",
        "Y/Tgt": "9.0",
        "Touch": "1",
        "Y/Tch": "9.0",
        "YScm": "9",
        "RRTD": "0",
        "Fmb": "0",
        "Awards": ""
    },
    "Charlie Jones": {
        "Rk": "15",
        "Age": "26",
        "Pos": "WR",
        "G": "8",
        "GS": "0",
        "Att": "0",
        "Yds": "0",
        "TD": "0",
        "1D": "0",
        "Succ%": "",
        "Lng": "",
        "Y/A": "",
        "Y/G": "0.0",
        "A/G": "0.0",
        "Tgt": "1",
        "Rec": "1",
        "Y/R": "5.0",
        "R/G": "0.1",
        "Ctch%": "100.0",
        "Y/Tgt": "5.0",
        "Touch": "1",
        "Y/Tch": "5.0",
        "YScm": "5",
        "RRTD": "0",
        "Fmb": "2",
        "Awards": ""
    },
    "Cam Grandy": {
        "Rk": "16",
        "Age": "24",
        "Pos": "TE",
        "G": "3",
        "GS": "1",
        "Att": "0",
        "Yds": "0",
        "TD": "0",
        "1D": "0",
        "Succ%": "",
        "Lng": "",
        "Y/A": "",
        "Y/G": "0.0",
        "A/G": "0.0",
        "Tgt": "1",
        "Rec": "1",
        "Y/R": "0.0",
        "R/G": "0.3",
        "Ctch%": "100.0",
        "Y/Tgt": "0.0",
        "Touch": "1",
        "Y/Tch": "0.0",
        "YScm": "0",
        "RRTD": "0",
        "Fmb": "0",
        "Awards": ""
    },
    "Jake Browning": {
        "Rk": "17",
        "Age": "28",
        "Pos": "QB",
        "G": "2",
        "GS": "0",
        "Att": "1",
        "Yds": "-1",
        "TD": "0",
        "1D": "0",
        "Succ%": "0.0",
        "Lng": "",
        "Y/A": "-1.0",
        "Y/G": "-0.5",
        "A/G": "0.5",
        "Tgt": "0",
        "Rec": "0",
        "Y/R": "",
        "R/G": "0.0",
        "Ctch%": "",
        "Y/Tgt": "",
        "Touch": "1",
        "Y/Tch": "-1.0",
        "YScm": "-1",
        "RRTD": "0",
        "Fmb": "0",
        "Awards": ""
    }
}