{
    "James Cook": {
        "Rk": "1",
        "Age": "25",
        "Pos": "RB",
        "G": "12",
        "GS": "12",
        "Att": "157",
        "Yds": "723",
        "TD": "11",
        "1D": "36",
        "Succ%": "51.0",
        "Lng": "65",
        "Y/A": "4.6",
        "Y/G": "60.3",
        "A/G": "13.1",
        "Tgt": "34",
        "Rec": "28",
        "Y/R": "7.3",
        "R/G": "2.3",
        "Ctch%": "82.4",
        "Y/Tgt": "6.0",
        "Touch": "185",
        "Y/Tch": "5.0",
        "YScm": "927",
        "RRTD": "12",
        "Fmb": "0",
        "Awards": ""
    },
    "Khalil Shakir": {
        "Rk": "2",
        "Age": "24",
        "Pos": "WR",
        "G": "12",
        "GS": "7",
        "Att": "2",
        "Yds": "4",
        "TD": "0",
        "1D": "0",
        "Succ%": "0.0",
        "Lng": "2",
        "Y/A": "2.0",
        "Y/G": "0.3",
        "A/G": "0.2",
        "Tgt": "81",
        "Rec": "65",
        "Y/R": "11.3",
        "R/G": "5.4",
        "Ctch%": "80.2",
        "Y/Tgt": "9.1",
        "Touch": "67",
        "Y/Tch": "11.0",
        "YScm": "739",
        "RRTD": "3",
        "Fmb": "0",
        "Awards": ""
    },
    "Ray Davis": {
        "Rk": "3",
        "Age": "25",
        "Pos": "RB",
        "G": "13",
        "GS": "0",
        "Att": "80",
        "Yds": "342",
        "TD": "3",
        "1D": "20",
        "Succ%": "47.5",
        "Lng": "22",
        "Y/A": "4.3",
        "Y/G": "26.3",
        "A/G": "6.2",
        "Tgt": "12",
        "Rec": "11",
        "Y/R": "13.9",
        "R/G": "0.8",
        "Ctch%": "91.7",
        "Y/Tgt": "12.8",
        "Touch": "91",
        "Y/Tch": "5.4",
        "YScm": "495",
        "RRTD": "4",
        "Fmb": "0",
        "Awards": ""
    },
    "Josh Allen": {
        "Rk": "4",
        "Age": "28",
        "Pos": "QB",
        "G": "13",
        "GS": "13",
        "Att": "80",
        "Yds": "416",
        "TD": "9",
        "1D": "40",
        "Succ%": "61.3",
        "Lng": "30",
        "Y/A": "5.2",
        "Y/G": "32.0",
        "A/G": "6.2",
        "Tgt": "0",
        "Rec": "0",
        "Y/R": "",
        "R/G": "0.0",
        "Ctch%": "",
        "Y/Tgt": "",
        "Touch": "80",
        "Y/Tch": "5.3",
        "YScm": "423",
        "RRTD": "10",
        "Fmb": "5",
        "Awards": ""
    },
    "Keon Coleman": {
        "Rk": "5",
        "Age": "21",
        "Pos": "WR",
        "G": "9",
        "GS": "8",
        "Att": "0",
        "Yds": "0",
        "TD": "0",
        "1D": "0",
        "Succ%": "",
        "Lng": "",
        "Y/A": "",
        "Y/G": "0.0",
        "A/G": "0.0",
        "Tgt": "36",
        "Rec": "22",
        "Y/R": "19.0",
        "R/G": "2.4",
        "Ctch%": "61.1",
        "Y/Tgt": "11.6",
        "Touch": "22",
        "Y/Tch": "19.0",
        "YScm": "417",
        "RRTD": "3",
        "Fmb": "0",
        "Awards": ""
    },
    "Dalton Kincaid": {
        "Rk": "6",
        "Age": "25",
        "Pos": "TE",
        "G": "10",
        "GS": "7",
        "Att": "0",
        "Yds": "0",
        "TD": "0",
        "1D": "0",
        "Succ%": "",
        "Lng": "",
        "Y/A": "",
        "Y/G": "0.0",
        "A/G": "0.0",
        "Tgt": "59",
        "Rec": "34",
        "Y/R": "10.5",
        "R/G": "3.4",
        "Ctch%": "57.6",
        "Y/Tgt": "6.0",
        "Touch": "34",
        "Y/Tch": "10.5",
        "YScm": "356",
        "RRTD": "2",
        "Fmb": "1",
        "Awards": ""
    },
    "Ty Johnson": {
        "Rk": "7",
        "Age": "27",
        "Pos": "RB",
        "G": "13",
        "GS": "1",
        "Att": "27",
        "Yds": "145",
        "TD": "1",
        "1D": "10",
        "Succ%": "59.3",
        "Lng": "19",
        "Y/A": "5.4",
        "Y/G": "11.2",
        "A/G": "2.1",
        "Tgt": "16",
        "Rec": "11",
        "Y/R": "14.6",
        "R/G": "0.8",
        "Ctch%": "68.8",
        "Y/Tgt": "10.1",
        "Touch": "38",
        "Y/Tch": "8.1",
        "YScm": "306",
        "RRTD": "4",
        "Fmb": "0",
        "Awards": ""
    },
    "Mack Hollins": {
        "Rk": "8",
        "Age": "31",
        "Pos": "WR",
        "G": "13",
        "GS": "10",
        "Att": "0",
        "Yds": "0",
        "TD": "0",
        "1D": "0",
        "Succ%": "",
        "Lng": "",
        "Y/A": "",
        "Y/G": "0.0",
        "A/G": "0.0",
        "Tgt": "38",
        "Rec": "23",
        "Y/R": "12.5",
        "R/G": "1.8",
        "Ctch%": "60.5",
        "Y/Tgt": "7.6",
        "Touch": "23",
        "Y/Tch": "12.5",
        "YScm": "288",
        "RRTD": "5",
        "Fmb": "0",
        "Awards": ""
    },
    "Dawson Knox": {
        "Rk": "9",
        "Age": "28",
        "Pos": "TE",
        "G": "13",
        "GS": "11",
        "Att": "0",
        "Yds": "0",
        "TD": "0",
        "1D": "0",
        "Succ%": "",
        "Lng": "",
        "Y/A": "",
        "Y/G": "0.0",
        "A/G": "0.0",
        "Tgt": "25",
        "Rec": "17",
        "Y/R": "14.3",
        "R/G": "1.3",
        "Ctch%": "68.0",
        "Y/Tgt": "9.7",
        "Touch": "17",
        "Y/Tch": "14.3",
        "YScm": "243",
        "RRTD": "1",
        "Fmb": "0",
        "Awards": ""
    },
    "Amari Cooper": {
        "Rk": "10",
        "Age": "30",
        "Pos": "WR",
        "G": "5",
        "GS": "3",
        "Att": "0",
        "Yds": "0",
        "TD": "0",
        "1D": "0",
        "Succ%": "",
        "Lng": "",
        "Y/A": "",
        "Y/G": "0.0",
        "A/G": "0.0",
        "Tgt": "27",
        "Rec": "16",
        "Y/R": "14.4",
        "R/G": "3.2",
        "Ctch%": "59.3",
        "Y/Tgt": "8.6",
        "Touch": "16",
        "Y/Tch": "14.4",
        "YScm": "231",
        "RRTD": "1",
        "Fmb": "0",
        "Awards": ""
    },
    "Curtis Samuel": {
        "Rk": "11",
        "Age": "28",
        "Pos": "WR",
        "G": "12",
        "GS": "1",
        "Att": "5",
        "Yds": "14",
        "TD": "0",
        "1D": "0",
        "Succ%": "40.0",
        "Lng": "7",
        "Y/A": "2.8",
        "Y/G": "1.2",
        "A/G": "0.4",
        "Tgt": "36",
        "Rec": "23",
        "Y/R": "8.7",
        "R/G": "1.9",
        "Ctch%": "63.9",
        "Y/Tgt": "5.6",
        "Touch": "28",
        "Y/Tch": "7.6",
        "YScm": "214",
        "RRTD": "1",
        "Fmb": "0",
        "Awards": ""
    },
    "Marquez Valdes-Scantling": {
        "Rk": "12",
        "Age": "30",
        "Pos": "WR",
        "G": "6",
        "GS": "0",
        "Att": "0",
        "Yds": "0",
        "TD": "0",
        "1D": "0",
        "Succ%": "",
        "Lng": "",
        "Y/A": "",
        "Y/G": "0.0",
        "A/G": "0.0",
        "Tgt": "9",
        "Rec": "2",
        "Y/R": "13.0",
        "R/G": "0.3",
        "Ctch%": "22.2",
        "Y/Tgt": "2.9",
        "Touch": "2",
        "Y/Tch": "13.0",
        "YScm": "26",
        "RRTD": "0",
        "Fmb": "0",
        "Awards": ""
    },
    "Quintin Morris": {
        "Rk": "13",
        "Age": "25",
        "Pos": "TE",
        "G": "12",
        "GS": "2",
        "Att": "0",
        "Yds": "0",
        "TD": "0",
        "1D": "0",
        "Succ%": "",
        "Lng": "",
        "Y/A": "",
        "Y/G": "0.0",
        "A/G": "0.0",
        "Tgt": "3",
        "Rec": "2",
        "Y/R": "8.0",
        "R/G": "0.2",
        "Ctch%": "66.7",
        "Y/Tgt": "5.3",
        "Touch": "2",
        "Y/Tch": "8.0",
        "YScm": "16",
        "RRTD": "1",
        "Fmb": "0",
        "Awards": ""
    },
    "Zach Davidson": {
        "Rk": "14",
        "Age": "26",
        "Pos": "TE",
        "G": "2",
        "GS": "0",
        "Att": "0",
        "Yds": "0",
        "TD": "0",
        "1D": "0",
        "Succ%": "",
        "Lng": "",
        "Y/A": "",
        "Y/G": "0.0",
        "A/G": "0.0",
        "Tgt": "2",
        "Rec": "1",
        "Y/R": "5.0",
        "R/G": "0.5",
        "Ctch%": "50.0",
        "Y/Tgt": "2.5",
        "Touch": "1",
        "Y/Tch": "5.0",
        "YScm": "5",
        "RRTD": "0",
        "Fmb": "0",
        "Awards": ""
    },
    "Mitchell Trubisky": {
        "Rk": "15",
        "Age": "30",
        "Pos": "QB",
        "G": "7",
        "GS": "0",
        "Att": "11",
        "Yds": "-10",
        "TD": "0",
        "1D": "0",
        "Succ%": "0.0",
        "Lng": "",
        "Y/A": "-0.9",
        "Y/G": "-1.4",
        "A/G": "1.6",
        "Tgt": "0",
        "Rec": "0",
        "Y/R": "",
        "R/G": "0.0",
        "Ctch%": "",
        "Y/Tgt": "",
        "Touch": "11",
        "Y/Tch": "-0.9",
        "YScm": "-10",
        "RRTD": "0",
        "Fmb": "0",
        "Awards": ""
    }
}