{
    "Jerry Jeudy": {
        "Rk": "1",
        "Age": "25",
        "Pos": "WR",
        "G": "13",
        "GS": "12",
        "Att": "0",
        "Yds": "0",
        "TD": "0",
        "1D": "0",
        "Succ%": "",
        "Lng": "",
        "Y/A": "",
        "Y/G": "0.0",
        "A/G": "0.0",
        "Tgt": "97",
        "Rec": "59",
        "Y/R": "16.0",
        "R/G": "4.5",
        "Ctch%": "60.8",
        "Y/Tgt": "9.7",
        "Touch": "59",
        "Y/Tch": "16.0",
        "YScm": "944",
        "RRTD": "4",
        "Fmb": "0",
        "Awards": ""
    },
    "Jerome Ford": {
        "Rk": "2",
        "Age": "25",
        "Pos": "RB",
        "G": "11",
        "GS": "4",
        "Att": "80",
        "Yds": "367",
        "TD": "1",
        "1D": "19",
        "Succ%": "46.3",
        "Lng": "36",
        "Y/A": "4.6",
        "Y/G": "33.4",
        "A/G": "7.3",
        "Tgt": "36",
        "Rec": "30",
        "Y/R": "5.5",
        "R/G": "2.7",
        "Ctch%": "83.3",
        "Y/Tgt": "4.6",
        "Touch": "110",
        "Y/Tch": "4.8",
        "YScm": "533",
        "RRTD": "1",
        "Fmb": "0",
        "Awards": ""
    },
    "Elijah Moore": {
        "Rk": "3",
        "Age": "24",
        "Pos": "WR",
        "G": "13",
        "GS": "9",
        "Att": "1",
        "Yds": "1",
        "TD": "0",
        "1D": "0",
        "Succ%": "0.0",
        "Lng": "1",
        "Y/A": "1.0",
        "Y/G": "0.1",
        "A/G": "0.1",
        "Tgt": "81",
        "Rec": "53",
        "Y/R": "9.1",
        "R/G": "4.1",
        "Ctch%": "65.4",
        "Y/Tgt": "5.9",
        "Touch": "54",
        "Y/Tch": "8.9",
        "YScm": "482",
        "RRTD": "1",
        "Fmb": "0",
        "Awards": ""
    },
    "David Njoku": {
        "Rk": "4",
        "Age": "28",
        "Pos": "TE",
        "G": "10",
        "GS": "10",
        "Att": "0",
        "Yds": "0",
        "TD": "0",
        "1D": "0",
        "Succ%": "",
        "Lng": "",
        "Y/A": "",
        "Y/G": "0.0",
        "A/G": "0.0",
        "Tgt": "87",
        "Rec": "56",
        "Y/R": "7.8",
        "R/G": "5.6",
        "Ctch%": "64.4",
        "Y/Tgt": "5.0",
        "Touch": "56",
        "Y/Tch": "7.8",
        "YScm": "439",
        "RRTD": "5",
        "Fmb": "0",
        "Awards": ""
    },
    "Cedric Tillman": {
        "Rk": "5",
        "Age": "24",
        "Pos": "WR",
        "G": "11",
        "GS": "6",
        "Att": "1",
        "Yds": "-5",
        "TD": "0",
        "1D": "0",
        "Succ%": "0.0",
        "Lng": "",
        "Y/A": "-5.0",
        "Y/G": "-0.5",
        "A/G": "0.1",
        "Tgt": "49",
        "Rec": "29",
        "Y/R": "11.7",
        "R/G": "2.6",
        "Ctch%": "59.2",
        "Y/Tgt": "6.9",
        "Touch": "30",
        "Y/Tch": "11.1",
        "YScm": "334",
        "RRTD": "3",
        "Fmb": "1",
        "Awards": ""
    },
    "Nick Chubb": {
        "Rk": "6",
        "Age": "29",
        "Pos": "RB",
        "G": "7",
        "GS": "7",
        "Att": "93",
        "Yds": "291",
        "TD": "3",
        "1D": "16",
        "Succ%": "40.9",
        "Lng": "19",
        "Y/A": "3.1",
        "Y/G": "41.6",
        "A/G": "13.3",
        "Tgt": "10",
        "Rec": "5",
        "Y/R": "6.2",
        "R/G": "0.7",
        "Ctch%": "50.0",
        "Y/Tgt": "3.1",
        "Touch": "98",
        "Y/Tch": "3.3",
        "YScm": "322",
        "RRTD": "4",
        "Fmb": "0",
        "Awards": ""
    },
    "Amari Cooper": {
        "Rk": "7",
        "Age": "30",
        "Pos": "WR",
        "G": "6",
        "GS": "6",
        "Att": "0",
        "Yds": "0",
        "TD": "0",
        "1D": "0",
        "Succ%": "",
        "Lng": "",
        "Y/A": "",
        "Y/G": "0.0",
        "A/G": "0.0",
        "Tgt": "53",
        "Rec": "24",
        "Y/R": "10.4",
        "R/G": "4.0",
        "Ctch%": "45.3",
        "Y/Tgt": "4.7",
        "Touch": "24",
        "Y/Tch": "10.4",
        "YScm": "250",
        "RRTD": "2",
        "Fmb": "0",
        "Awards": ""
    },
    "Jordan Akins": {
        "Rk": "8",
        "Age": "32",
        "Pos": "TE",
        "G": "13",
        "GS": "3",
        "Att": "0",
        "Yds": "0",
        "TD": "0",
        "1D": "0",
        "Succ%": "",
        "Lng": "",
        "Y/A": "",
        "Y/G": "0.0",
        "A/G": "0.0",
        "Tgt": "36",
        "Rec": "24",
        "Y/R": "10.1",
        "R/G": "1.8",
        "Ctch%": "66.7",
        "Y/Tgt": "6.8",
        "Touch": "24",
        "Y/Tch": "10.1",
        "YScm": "243",
        "RRTD": "1",
        "Fmb": "1",
        "Awards": ""
    },
    "D'Onta Foreman": {
        "Rk": "9",
        "Age": "28",
        "Pos": "RB",
        "G": "8",
        "GS": "2",
        "Att": "46",
        "Yds": "155",
        "TD": "0",
        "1D": "6",
        "Succ%": "39.1",
        "Lng": "25",
        "Y/A": "3.4",
        "Y/G": "19.4",
        "A/G": "5.8",
        "Tgt": "5",
        "Rec": "5",
        "Y/R": "9.2",
        "R/G": "0.6",
        "Ctch%": "100.0",
        "Y/Tgt": "9.2",
        "Touch": "51",
        "Y/Tch": "3.9",
        "YScm": "201",
        "RRTD": "0",
        "Fmb": "1",
        "Awards": ""
    },
    "Pierre Strong": {
        "Rk": "10",
        "Age": "26",
        "Pos": "RB",
        "G": "11",
        "GS": "0",
        "Att": "19",
        "Yds": "69",
        "TD": "0",
        "1D": "4",
        "Succ%": "47.4",
        "Lng": "14",
        "Y/A": "3.6",
        "Y/G": "6.3",
        "A/G": "1.7",
        "Tgt": "15",
        "Rec": "9",
        "Y/R": "9.6",
        "R/G": "0.8",
        "Ctch%": "60.0",
        "Y/Tgt": "5.7",
        "Touch": "28",
        "Y/Tch": "5.5",
        "YScm": "155",
        "RRTD": "0",
        "Fmb": "0",
        "Awards": ""
    },
    "Deshaun Watson": {
        "Rk": "11",
        "Age": "29",
        "Pos": "QB",
        "G": "7",
        "GS": "7",
        "Att": "31",
        "Yds": "148",
        "TD": "1",
        "1D": "8",
        "Succ%": "41.9",
        "Lng": "16",
        "Y/A": "4.8",
        "Y/G": "21.1",
        "A/G": "4.4",
        "Tgt": "0",
        "Rec": "0",
        "Y/R": "",
        "R/G": "0.0",
        "Ctch%": "",
        "Y/Tgt": "",
        "Touch": "31",
        "Y/Tch": "4.8",
        "YScm": "148",
        "RRTD": "1",
        "Fmb": "5",
        "Awards": ""
    },
    "Jameis Winston": {
        "Rk": "12",
        "Age": "30",
        "Pos": "QB",
        "G": "11",
        "GS": "6",
        "Att": "23",
        "Yds": "85",
        "TD": "1",
        "1D": "17",
        "Succ%": "82.6",
        "Lng": "13",
        "Y/A": "3.7",
        "Y/G": "7.7",
        "A/G": "2.1",
        "Tgt": "0",
        "Rec": "0",
        "Y/R": "",
        "R/G": "0.0",
        "Ctch%": "",
        "Y/Tgt": "",
        "Touch": "23",
        "Y/Tch": "3.7",
        "YScm": "85",
        "RRTD": "1",
        "Fmb": "4",
        "Awards": ""
    },
    "Michael Woods II": {
        "Rk": "13",
        "Age": "24",
        "Pos": "WR",
        "G": "2",
        "GS": "0",
        "Att": "0",
        "Yds": "0",
        "TD": "0",
        "1D": "0",
        "Succ%": "",
        "Lng": "",
        "Y/A": "",
        "Y/G": "0.0",
        "A/G": "0.0",
        "Tgt": "8",
        "Rec": "4",
        "Y/R": "13.8",
        "R/G": "2.0",
        "Ctch%": "50.0",
        "Y/Tgt": "6.9",
        "Touch": "4",
        "Y/Tch": "13.8",
        "YScm": "55",
        "RRTD": "0",
        "Fmb": "0",
        "Awards": ""
    },
    "Dorian Thompson-Robinson": {
        "Rk": "14",
        "Age": "25",
        "Pos": "QB",
        "G": "3",
        "GS": "0",
        "Att": "3",
        "Yds": "44",
        "TD": "0",
        "1D": "2",
        "Succ%": "66.7",
        "Lng": "34",
        "Y/A": "14.7",
        "Y/G": "14.7",
        "A/G": "1.0",
        "Tgt": "0",
        "Rec": "0",
        "Y/R": "",
        "R/G": "0.0",
        "Ctch%": "",
        "Y/Tgt": "",
        "Touch": "3",
        "Y/Tch": "14.7",
        "YScm": "44",
        "RRTD": "0",
        "Fmb": "1",
        "Awards": ""
    },
    "Blake Whiteheart": {
        "Rk": "15",
        "Age": "24",
        "Pos": "TE",
        "G": "7",
        "GS": "1",
        "Att": "0",
        "Yds": "0",
        "TD": "0",
        "1D": "0",
        "Succ%": "",
        "Lng": "",
        "Y/A": "",
        "Y/G": "0.0",
        "A/G": "0.0",
        "Tgt": "6",
        "Rec": "4",
        "Y/R": "10.5",
        "R/G": "0.6",
        "Ctch%": "66.7",
        "Y/Tgt": "7.0",
        "Touch": "4",
        "Y/Tch": "10.5",
        "YScm": "42",
        "RRTD": "1",
        "Fmb": "0",
        "Awards": ""
    },
    "David Bell": {
        "Rk": "16",
        "Age": "24",
        "Pos": "WR",
        "G": "1",
        "GS": "0",
        "Att": "0",
        "Yds": "0",
        "TD": "0",
        "1D": "0",
        "Succ%": "",
        "Lng": "",
        "Y/A": "",
        "Y/G": "0.0",
        "A/G": "0.0",
        "Tgt": "3",
        "Rec": "3",
        "Y/R": "9.0",
        "R/G": "3.0",
        "Ctch%": "100.0",
        "Y/Tgt": "9.0",
        "Touch": "3",
        "Y/Tch": "9.0",
        "YScm": "27",
        "RRTD": "0",
        "Fmb": "0",
        "Awards": ""
    },
    "Jamari Thrash": {
        "Rk": "17",
        "Age": "24",
        "Pos": "WR",
        "G": "5",
        "GS": "0",
        "Att": "0",
        "Yds": "0",
        "TD": "0",
        "1D": "0",
        "Succ%": "",
        "Lng": "",
        "Y/A": "",
        "Y/G": "0.0",
        "A/G": "0.0",
        "Tgt": "3",
        "Rec": "3",
        "Y/R": "7.3",
        "R/G": "0.6",
        "Ctch%": "100.0",
        "Y/Tgt": "7.3",
        "Touch": "3",
        "Y/Tch": "7.3",
        "YScm": "22",
        "RRTD": "0",
        "Fmb": "0",
        "Awards": ""
    },
    "James Proche": {
        "Rk": "18",
        "Age": "28",
        "Pos": "WR",
        "G": "5",
        "GS": "0",
        "Att": "0",
        "Yds": "0",
        "TD": "0",
        "1D": "0",
        "Succ%": "",
        "Lng": "",
        "Y/A": "",
        "Y/G": "0.0",
        "A/G": "0.0",
        "Tgt": "3",
        "Rec": "3",
        "Y/R": "7.0",
        "R/G": "0.6",
        "Ctch%": "100.0",
        "Y/Tgt": "7.0",
        "Touch": "3",
        "Y/Tch": "7.0",
        "YScm": "21",
        "RRTD": "0",
        "Fmb": "0",
        "Awards": ""
    },
    "Geoff Swaim": {
        "Rk": "19",
        "Age": "31",
        "Pos": "TE",
        "G": "8",
        "GS": "2",
        "Att": "0",
        "Yds": "0",
        "TD": "0",
        "1D": "0",
        "Succ%": "",
        "Lng": "",
        "Y/A": "",
        "Y/G": "0.0",
        "A/G": "0.0",
        "Tgt": "1",
        "Rec": "1",
        "Y/R": "7.0",
        "R/G": "0.1",
        "Ctch%": "100.0",
        "Y/Tgt": "7.0",
        "Touch": "1",
        "Y/Tch": "7.0",
        "YScm": "7",
        "RRTD": "0",
        "Fmb": "0",
        "Awards": ""
    },
    "Jaelon Darden": {
        "Rk": "20",
        "Age": "25",
        "Pos": "WR",
        "G": "7",
        "GS": "1",
        "Att": "0",
        "Yds": "0",
        "TD": "0",
        "1D": "0",
        "Succ%": "",
        "Lng": "",
        "Y/A": "",
        "Y/G": "0.0",
        "A/G": "0.0",
        "Tgt": "1",
        "Rec": "1",
        "Y/R": "6.0",
        "R/G": "0.1",
        "Ctch%": "100.0",
        "Y/Tgt": "6.0",
        "Touch": "1",
        "Y/Tch": "6.0",
        "YScm": "6",
        "RRTD": "0",
        "Fmb": "0",
        "Awards": ""
    },
    "Kadarius Toney": {
        "Rk": "21",
        "Age": "25",
        "Pos": "WR",
        "G": "3",
        "GS": "0",
        "Att": "2",
        "Yds": "-4",
        "TD": "0",
        "1D": "0",
        "Succ%": "0.0",
        "Lng": "3",
        "Y/A": "-2.0",
        "Y/G": "-1.3",
        "A/G": "0.7",
        "Tgt": "1",
        "Rec": "0",
        "Y/R": "",
        "R/G": "0.0",
        "Ctch%": "0.0",
        "Y/Tgt": "0.0",
        "Touch": "2",
        "Y/Tch": "-2.0",
        "YScm": "-4",
        "RRTD": "0",
        "Fmb": "1",
        "Awards": ""
    }
}