{
    "Courtland Sutton": {
        "Rk": "1",
        "Age": "29",
        "Pos": "WR",
        "G": "13",
        "GS": "10",
        "Att": "0",
        "Yds": "0",
        "TD": "0",
        "1D": "0",
        "Succ%": "",
        "Lng": "",
        "Y/A": "",
        "Y/G": "0.0",
        "A/G": "0.0",
        "Tgt": "104",
        "Rec": "63",
        "Y/R": "13.4",
        "R/G": "4.8",
        "Ctch%": "60.6",
        "Y/Tgt": "8.1",
        "Touch": "63",
        "Y/Tch": "13.4",
        "YScm": "846",
        "RRTD": "5",
        "Fmb": "1",
        "Awards": ""
    },
    "Javonte Williams": {
        "Rk": "2",
        "Age": "24",
        "Pos": "RB",
        "G": "13",
        "GS": "11",
        "Att": "124",
        "Yds": "446",
        "TD": "4",
        "1D": "26",
        "Succ%": "46.0",
        "Lng": "20",
        "Y/A": "3.6",
        "Y/G": "34.3",
        "A/G": "9.5",
        "Tgt": "50",
        "Rec": "38",
        "Y/R": "6.8",
        "R/G": "2.9",
        "Ctch%": "76.0",
        "Y/Tgt": "5.2",
        "Touch": "162",
        "Y/Tch": "4.4",
        "YScm": "705",
        "RRTD": "4",
        "Fmb": "2",
        "Awards": ""
    },
    "Jaleel McLaughlin": {
        "Rk": "3",
        "Age": "24",
        "Pos": "RB",
        "G": "13",
        "GS": "2",
        "Att": "80",
        "Yds": "367",
        "TD": "1",
        "1D": "17",
        "Succ%": "51.3",
        "Lng": "21",
        "Y/A": "4.6",
        "Y/G": "28.2",
        "A/G": "6.2",
        "Tgt": "20",
        "Rec": "17",
        "Y/R": "2.8",
        "R/G": "1.3",
        "Ctch%": "85.0",
        "Y/Tgt": "2.4",
        "Touch": "97",
        "Y/Tch": "4.3",
        "YScm": "414",
        "RRTD": "3",
        "Fmb": "1",
        "Awards": ""
    },
    "Devaughn Vele": {
        "Rk": "4",
        "Age": "27",
        "Pos": "WR",
        "G": "9",
        "GS": "5",
        "Att": "0",
        "Yds": "0",
        "TD": "0",
        "1D": "0",
        "Succ%": "",
        "Lng": "",
        "Y/A": "",
        "Y/G": "0.0",
        "A/G": "0.0",
        "Tgt": "45",
        "Rec": "33",
        "Y/R": "11.4",
        "R/G": "3.7",
        "Ctch%": "73.3",
        "Y/Tgt": "8.4",
        "Touch": "33",
        "Y/Tch": "11.4",
        "YScm": "377",
        "RRTD": "1",
        "Fmb": "0",
        "Awards": ""
    },
    "Marvin Mims": {
        "Rk": "5",
        "Age": "22",
        "Pos": "WR",
        "G": "13",
        "GS": "1",
        "Att": "10",
        "Yds": "40",
        "TD": "0",
        "1D": "3",
        "Succ%": "50.0",
        "Lng": "17",
        "Y/A": "4.0",
        "Y/G": "3.1",
        "A/G": "0.8",
        "Tgt": "30",
        "Rec": "19",
        "Y/R": "14.1",
        "R/G": "1.5",
        "Ctch%": "63.3",
        "Y/Tgt": "8.9",
        "Touch": "29",
        "Y/Tch": "10.6",
        "YScm": "307",
        "RRTD": "2",
        "Fmb": "0",
        "Awards": ""
    },
    "Bo Nix": {
        "Rk": "6",
        "Age": "24",
        "Pos": "QB",
        "G": "13",
        "GS": "13",
        "Att": "67",
        "Yds": "304",
        "TD": "4",
        "1D": "27",
        "Succ%": "49.3",
        "Lng": "32",
        "Y/A": "4.5",
        "Y/G": "23.4",
        "A/G": "5.2",
        "Tgt": "1",
        "Rec": "1",
        "Y/R": "2.0",
        "R/G": "0.1",
        "Ctch%": "100.0",
        "Y/Tgt": "2.0",
        "Touch": "68",
        "Y/Tch": "4.5",
        "YScm": "306",
        "RRTD": "5",
        "Fmb": "1",
        "Awards": ""
    },
    "Lil'Jordan Humphrey": {
        "Rk": "7",
        "Age": "26",
        "Pos": "WR",
        "G": "13",
        "GS": "5",
        "Att": "0",
        "Yds": "0",
        "TD": "0",
        "1D": "0",
        "Succ%": "",
        "Lng": "",
        "Y/A": "",
        "Y/G": "0.0",
        "A/G": "0.0",
        "Tgt": "42",
        "Rec": "29",
        "Y/R": "9.2",
        "R/G": "2.2",
        "Ctch%": "69.0",
        "Y/Tgt": "6.4",
        "Touch": "29",
        "Y/Tch": "9.2",
        "YScm": "267",
        "RRTD": "1",
        "Fmb": "2",
        "Awards": ""
    },
    "Troy Franklin": {
        "Rk": "8",
        "Age": "21",
        "Pos": "WR",
        "G": "12",
        "GS": "5",
        "Att": "2",
        "Yds": "8",
        "TD": "0",
        "1D": "0",
        "Succ%": "50.0",
        "Lng": "5",
        "Y/A": "4.0",
        "Y/G": "0.7",
        "A/G": "0.2",
        "Tgt": "41",
        "Rec": "21",
        "Y/R": "10.4",
        "R/G": "1.8",
        "Ctch%": "51.2",
        "Y/Tgt": "5.3",
        "Touch": "23",
        "Y/Tch": "9.8",
        "YScm": "226",
        "RRTD": "2",
        "Fmb": "0",
        "Awards": ""
    },
    "Audric Estime": {
        "Rk": "9",
        "Age": "21",
        "Pos": "RB",
        "G": "9",
        "GS": "0",
        "Att": "41",
        "Yds": "191",
        "TD": "0",
        "1D": "9",
        "Succ%": "51.2",
        "Lng": "21",
        "Y/A": "4.7",
        "Y/G": "21.2",
        "A/G": "4.6",
        "Tgt": "3",
        "Rec": "3",
        "Y/R": "3.0",
        "R/G": "0.3",
        "Ctch%": "100.0",
        "Y/Tgt": "3.0",
        "Touch": "44",
        "Y/Tch": "4.5",
        "YScm": "200",
        "RRTD": "0",
        "Fmb": "2",
        "Awards": ""
    },
    "Josh Reynolds": {
        "Rk": "10",
        "Age": "29",
        "Pos": "WR",
        "G": "5",
        "GS": "1",
        "Att": "0",
        "Yds": "0",
        "TD": "0",
        "1D": "0",
        "Succ%": "",
        "Lng": "",
        "Y/A": "",
        "Y/G": "0.0",
        "A/G": "0.0",
        "Tgt": "19",
        "Rec": "12",
        "Y/R": "15.3",
        "R/G": "2.4",
        "Ctch%": "63.2",
        "Y/Tgt": "9.6",
        "Touch": "12",
        "Y/Tch": "15.3",
        "YScm": "183",
        "RRTD": "1",
        "Fmb": "0",
        "Awards": ""
    },
    "Adam Trautman": {
        "Rk": "11",
        "Age": "27",
        "Pos": "TE",
        "G": "13",
        "GS": "11",
        "Att": "0",
        "Yds": "0",
        "TD": "0",
        "1D": "0",
        "Succ%": "",
        "Lng": "",
        "Y/A": "",
        "Y/G": "0.0",
        "A/G": "0.0",
        "Tgt": "16",
        "Rec": "9",
        "Y/R": "17.6",
        "R/G": "0.7",
        "Ctch%": "56.3",
        "Y/Tgt": "9.9",
        "Touch": "9",
        "Y/Tch": "17.6",
        "YScm": "158",
        "RRTD": "1",
        "Fmb": "0",
        "Awards": ""
    },
    "Lucas Krull": {
        "Rk": "12",
        "Age": "26",
        "Pos": "TE",
        "G": "9",
        "GS": "2",
        "Att": "0",
        "Yds": "0",
        "TD": "0",
        "1D": "0",
        "Succ%": "",
        "Lng": "",
        "Y/A": "",
        "Y/G": "0.0",
        "A/G": "0.0",
        "Tgt": "17",
        "Rec": "13",
        "Y/R": "9.2",
        "R/G": "1.4",
        "Ctch%": "76.5",
        "Y/Tgt": "7.1",
        "Touch": "13",
        "Y/Tch": "9.2",
        "YScm": "120",
        "RRTD": "0",
        "Fmb": "0",
        "Awards": ""
    },
    "Tyler Badie": {
        "Rk": "13",
        "Age": "24",
        "Pos": "RB",
        "G": "3",
        "GS": "0",
        "Att": "11",
        "Yds": "86",
        "TD": "0",
        "1D": "4",
        "Succ%": "54.5",
        "Lng": "43",
        "Y/A": "7.8",
        "Y/G": "28.7",
        "A/G": "3.7",
        "Tgt": "3",
        "Rec": "3",
        "Y/R": "-0.7",
        "R/G": "1.0",
        "Ctch%": "100.0",
        "Y/Tgt": "-0.7",
        "Touch": "14",
        "Y/Tch": "6.0",
        "YScm": "84",
        "RRTD": "0",
        "Fmb": "1",
        "Awards": ""
    },
    "Michael Burton": {
        "Rk": "14",
        "Age": "32",
        "Pos": "FB",
        "G": "13",
        "GS": "2",
        "Att": "6",
        "Yds": "5",
        "TD": "1",
        "1D": "3",
        "Succ%": "50.0",
        "Lng": "3",
        "Y/A": "0.8",
        "Y/G": "0.4",
        "A/G": "0.5",
        "Tgt": "7",
        "Rec": "7",
        "Y/R": "6.6",
        "R/G": "0.5",
        "Ctch%": "100.0",
        "Y/Tgt": "6.6",
        "Touch": "13",
        "Y/Tch": "3.9",
        "YScm": "51",
        "RRTD": "1",
        "Fmb": "0",
        "Awards": ""
    },
    "Nate Adkins": {
        "Rk": "15",
        "Age": "25",
        "Pos": "TE",
        "G": "13",
        "GS": "7",
        "Att": "0",
        "Yds": "0",
        "TD": "0",
        "1D": "0",
        "Succ%": "",
        "Lng": "",
        "Y/A": "",
        "Y/G": "0.0",
        "A/G": "0.0",
        "Tgt": "8",
        "Rec": "7",
        "Y/R": "7.1",
        "R/G": "0.5",
        "Ctch%": "87.5",
        "Y/Tgt": "6.3",
        "Touch": "7",
        "Y/Tch": "7.1",
        "YScm": "50",
        "RRTD": "2",
        "Fmb": "0",
        "Awards": ""
    },
    "Greg Dulcich": {
        "Rk": "16",
        "Age": "24",
        "Pos": "TE",
        "G": "4",
        "GS": "3",
        "Att": "0",
        "Yds": "0",
        "TD": "0",
        "1D": "0",
        "Succ%": "",
        "Lng": "",
        "Y/A": "",
        "Y/G": "0.0",
        "A/G": "0.0",
        "Tgt": "12",
        "Rec": "5",
        "Y/R": "5.6",
        "R/G": "1.3",
        "Ctch%": "41.7",
        "Y/Tgt": "2.3",
        "Touch": "5",
        "Y/Tch": "5.6",
        "YScm": "28",
        "RRTD": "0",
        "Fmb": "0",
        "Awards": ""
    },
    "Jarrett Stidham": {
        "Rk": "17",
        "Age": "28",
        "Pos": "QB",
        "G": "2",
        "GS": "0",
        "Att": "2",
        "Yds": "-2",
        "TD": "0",
        "1D": "0",
        "Succ%": "0.0",
        "Lng": "",
        "Y/A": "-1.0",
        "Y/G": "-1.0",
        "A/G": "1.0",
        "Tgt": "0",
        "Rec": "0",
        "Y/R": "",
        "R/G": "0.0",
        "Ctch%": "",
        "Y/Tgt": "",
        "Touch": "2",
        "Y/Tch": "-1.0",
        "YScm": "-2",
        "RRTD": "0",
        "Fmb": "0",
        "Awards": ""
    }
}