{
    "Kareem Hunt": {
        "Rk": "1",
        "Age": "29",
        "Pos": "RB",
        "G": "10",
        "GS": "8",
        "Att": "167",
        "Yds": "608",
        "TD": "5",
        "1D": "31",
        "Succ%": "56.3",
        "Lng": "17",
        "Y/A": "3.6",
        "Y/G": "60.8",
        "A/G": "16.7",
        "Tgt": "27",
        "Rec": "20",
        "Y/R": "7.4",
        "R/G": "2.0",
        "Ctch%": "74.1",
        "Y/Tgt": "5.5",
        "Touch": "187",
        "Y/Tch": "4.0",
        "YScm": "756",
        "RRTD": "5",
        "Fmb": "0",
        "Awards": ""
    },
    "Travis Kelce": {
        "Rk": "2",
        "Age": "35",
        "Pos": "TE",
        "G": "13",
        "GS": "13",
        "Att": "1",
        "Yds": "1",
        "TD": "0",
        "1D": "0",
        "Succ%": "100.0",
        "Lng": "1",
        "Y/A": "1.0",
        "Y/G": "0.1",
        "A/G": "0.1",
        "Tgt": "107",
        "Rec": "80",
        "Y/R": "8.5",
        "R/G": "6.2",
        "Ctch%": "74.8",
        "Y/Tgt": "6.4",
        "Touch": "81",
        "Y/Tch": "8.4",
        "YScm": "683",
        "RRTD": "2",
        "Fmb": "2",
        "Awards": ""
    },
    "Xavier Worthy": {
        "Rk": "3",
        "Age": "21",
        "Pos": "WR",
        "G": "13",
        "GS": "10",
        "Att": "12",
        "Yds": "54",
        "TD": "2",
        "1D": "2",
        "Succ%": "75.0",
        "Lng": "21",
        "Y/A": "4.5",
        "Y/G": "4.2",
        "A/G": "0.9",
        "Tgt": "67",
        "Rec": "38",
        "Y/R": "11.8",
        "R/G": "2.9",
        "Ctch%": "56.7",
        "Y/Tgt": "6.7",
        "Touch": "50",
        "Y/Tch": "10.0",
        "YScm": "502",
        "RRTD": "6",
        "Fmb": "0",
        "Awards": ""
    },
    "Noah Gray": {
        "Rk": "4",
        "Age": "25",
        "Pos": "TE",
        "G": "13",
        "GS": "9",
        "Att": "0",
        "Yds": "0",
        "TD": "0",
        "1D": "0",
        "Succ%": "",
        "Lng": "",
        "Y/A": "",
        "Y/G": "0.0",
        "A/G": "0.0",
        "Tgt": "41",
        "Rec": "35",
        "Y/R": "11.4",
        "R/G": "2.7",
        "Ctch%": "85.4",
        "Y/Tgt": "9.7",
        "Touch": "35",
        "Y/Tch": "11.4",
        "YScm": "399",
        "RRTD": "4",
        "Fmb": "0",
        "Awards": ""
    },
    "DeAndre Hopkins": {
        "Rk": "5",
        "Age": "32",
        "Pos": "WR",
        "G": "7",
        "GS": "5",
        "Att": "0",
        "Yds": "0",
        "TD": "0",
        "1D": "0",
        "Succ%": "",
        "Lng": "",
        "Y/A": "",
        "Y/G": "0.0",
        "A/G": "0.0",
        "Tgt": "45",
        "Rec": "30",
        "Y/R": "11.9",
        "R/G": "4.3",
        "Ctch%": "66.7",
        "Y/Tgt": "7.9",
        "Touch": "30",
        "Y/Tch": "11.9",
        "YScm": "357",
        "RRTD": "4",
        "Fmb": "0",
        "Awards": ""
    },
    "Isiah Pacheco": {
        "Rk": "6",
        "Age": "25",
        "Pos": "RB",
        "G": "4",
        "GS": "3",
        "Att": "55",
        "Yds": "234",
        "TD": "1",
        "1D": "12",
        "Succ%": "63.6",
        "Lng": "34",
        "Y/A": "4.3",
        "Y/G": "58.5",
        "A/G": "13.8",
        "Tgt": "13",
        "Rec": "10",
        "Y/R": "6.5",
        "R/G": "2.5",
        "Ctch%": "76.9",
        "Y/Tgt": "5.0",
        "Touch": "65",
        "Y/Tch": "4.6",
        "YScm": "299",
        "RRTD": "1",
        "Fmb": "0",
        "Awards": ""
    },
    "Rashee Rice": {
        "Rk": "7",
        "Age": "24",
        "Pos": "WR",
        "G": "4",
        "GS": "4",
        "Att": "1",
        "Yds": "1",
        "TD": "0",
        "1D": "1",
        "Succ%": "100.0",
        "Lng": "1",
        "Y/A": "1.0",
        "Y/G": "0.3",
        "A/G": "0.3",
        "Tgt": "29",
        "Rec": "24",
        "Y/R": "12.0",
        "R/G": "6.0",
        "Ctch%": "82.8",
        "Y/Tgt": "9.9",
        "Touch": "25",
        "Y/Tch": "11.6",
        "YScm": "289",
        "RRTD": "2",
        "Fmb": "0",
        "Awards": ""
    },
    "Samaje Perine": {
        "Rk": "8",
        "Age": "29",
        "Pos": "RB",
        "G": "13",
        "GS": "0",
        "Att": "16",
        "Yds": "71",
        "TD": "1",
        "1D": "7",
        "Succ%": "68.8",
        "Lng": "13",
        "Y/A": "4.4",
        "Y/G": "5.5",
        "A/G": "1.2",
        "Tgt": "28",
        "Rec": "21",
        "Y/R": "10.3",
        "R/G": "1.6",
        "Ctch%": "75.0",
        "Y/Tgt": "7.7",
        "Touch": "37",
        "Y/Tch": "7.8",
        "YScm": "287",
        "RRTD": "2",
        "Fmb": "0",
        "Awards": ""
    },
    "Patrick Mahomes": {
        "Rk": "9",
        "Age": "29",
        "Pos": "QB",
        "G": "13",
        "GS": "13",
        "Att": "50",
        "Yds": "248",
        "TD": "1",
        "1D": "19",
        "Succ%": "48.0",
        "Lng": "33",
        "Y/A": "5.0",
        "Y/G": "19.1",
        "A/G": "3.8",
        "Tgt": "1",
        "Rec": "1",
        "Y/R": "2.0",
        "R/G": "0.1",
        "Ctch%": "100.0",
        "Y/Tgt": "2.0",
        "Touch": "51",
        "Y/Tch": "4.9",
        "YScm": "250",
        "RRTD": "1",
        "Fmb": "2",
        "Awards": ""
    },
    "Justin Watson": {
        "Rk": "10",
        "Age": "29",
        "Pos": "WR",
        "G": "13",
        "GS": "4",
        "Att": "0",
        "Yds": "0",
        "TD": "0",
        "1D": "0",
        "Succ%": "",
        "Lng": "",
        "Y/A": "",
        "Y/G": "0.0",
        "A/G": "0.0",
        "Tgt": "25",
        "Rec": "19",
        "Y/R": "11.8",
        "R/G": "1.5",
        "Ctch%": "76.0",
        "Y/Tgt": "9.0",
        "Touch": "19",
        "Y/Tch": "11.8",
        "YScm": "224",
        "RRTD": "1",
        "Fmb": "0",
        "Awards": ""
    },
    "JuJu Smith-Schuster": {
        "Rk": "11",
        "Age": "28",
        "Pos": "WR",
        "G": "10",
        "GS": "5",
        "Att": "0",
        "Yds": "0",
        "TD": "0",
        "1D": "0",
        "Succ%": "",
        "Lng": "",
        "Y/A": "",
        "Y/G": "0.0",
        "A/G": "0.0",
        "Tgt": "18",
        "Rec": "14",
        "Y/R": "14.4",
        "R/G": "1.4",
        "Ctch%": "77.8",
        "Y/Tgt": "11.2",
        "Touch": "14",
        "Y/Tch": "14.4",
        "YScm": "202",
        "RRTD": "1",
        "Fmb": "0",
        "Awards": ""
    },
    "Carson Steele": {
        "Rk": "12",
        "Age": "22",
        "Pos": "RB",
        "G": "13",
        "GS": "2",
        "Att": "48",
        "Yds": "158",
        "TD": "0",
        "1D": "14",
        "Succ%": "60.4",
        "Lng": "9",
        "Y/A": "3.3",
        "Y/G": "12.2",
        "A/G": "3.7",
        "Tgt": "9",
        "Rec": "5",
        "Y/R": "4.8",
        "R/G": "0.4",
        "Ctch%": "55.6",
        "Y/Tgt": "2.7",
        "Touch": "53",
        "Y/Tch": "3.4",
        "YScm": "182",
        "RRTD": "0",
        "Fmb": "3",
        "Awards": ""
    },
    "Mecole Hardman": {
        "Rk": "13",
        "Age": "26",
        "Pos": "WR",
        "G": "12",
        "GS": "0",
        "Att": "5",
        "Yds": "62",
        "TD": "1",
        "1D": "2",
        "Succ%": "100.0",
        "Lng": "20",
        "Y/A": "12.4",
        "Y/G": "5.2",
        "A/G": "0.4",
        "Tgt": "14",
        "Rec": "12",
        "Y/R": "7.5",
        "R/G": "1.0",
        "Ctch%": "85.7",
        "Y/Tgt": "6.4",
        "Touch": "17",
        "Y/Tch": "8.9",
        "YScm": "152",
        "RRTD": "1",
        "Fmb": "0",
        "Awards": ""
    },
    "Peyton Hendershot": {
        "Rk": "14",
        "Age": "25",
        "Pos": "TE",
        "G": "5",
        "GS": "0",
        "Att": "0",
        "Yds": "0",
        "TD": "0",
        "1D": "0",
        "Succ%": "",
        "Lng": "",
        "Y/A": "",
        "Y/G": "0.0",
        "A/G": "0.0",
        "Tgt": "3",
        "Rec": "3",
        "Y/R": "8.7",
        "R/G": "0.6",
        "Ctch%": "100.0",
        "Y/Tgt": "8.7",
        "Touch": "3",
        "Y/Tch": "8.7",
        "YScm": "26",
        "RRTD": "0",
        "Fmb": "0",
        "Awards": ""
    },
    "Jared Wiley": {
        "Rk": "15",
        "Age": "24",
        "Pos": "TE",
        "G": "7",
        "GS": "2",
        "Att": "0",
        "Yds": "0",
        "TD": "0",
        "1D": "0",
        "Succ%": "",
        "Lng": "",
        "Y/A": "",
        "Y/G": "0.0",
        "A/G": "0.0",
        "Tgt": "1",
        "Rec": "1",
        "Y/R": "7.0",
        "R/G": "0.1",
        "Ctch%": "100.0",
        "Y/Tgt": "7.0",
        "Touch": "1",
        "Y/Tch": "7.0",
        "YScm": "7",
        "RRTD": "0",
        "Fmb": "0",
        "Awards": ""
    },
    "Mike Caliendo": {
        "Rk": "16",
        "Age": "27",
        "Pos": "OL",
        "G": "13",
        "GS": "0",
        "Att": "0",
        "Yds": "0",
        "TD": "0",
        "1D": "0",
        "Succ%": "",
        "Lng": "",
        "Y/A": "",
        "Y/G": "0.0",
        "A/G": "0.0",
        "Tgt": "1",
        "Rec": "1",
        "Y/R": "5.0",
        "R/G": "0.1",
        "Ctch%": "100.0",
        "Y/Tgt": "5.0",
        "Touch": "1",
        "Y/Tch": "5.0",
        "YScm": "5",
        "RRTD": "0",
        "Fmb": "0",
        "Awards": ""
    },
    "Jody Fortson": {
        "Rk": "17",
        "Age": "29",
        "Pos": "TE",
        "G": "3",
        "GS": "0",
        "Att": "0",
        "Yds": "0",
        "TD": "0",
        "1D": "0",
        "Succ%": "",
        "Lng": "",
        "Y/A": "",
        "Y/G": "0.0",
        "A/G": "0.0",
        "Tgt": "3",
        "Rec": "1",
        "Y/R": "5.0",
        "R/G": "0.3",
        "Ctch%": "33.3",
        "Y/Tgt": "1.7",
        "Touch": "1",
        "Y/Tch": "5.0",
        "YScm": "5",
        "RRTD": "0",
        "Fmb": "0",
        "Awards": ""
    },
    "Jaden Hicks": {
        "Rk": "18",
        "Age": "22",
        "Pos": "DB",
        "G": "13",
        "GS": "0",
        "Att": "1",
        "Yds": "1",
        "TD": "0",
        "1D": "0",
        "Succ%": "0.0",
        "Lng": "1",
        "Y/A": "1.0",
        "Y/G": "0.1",
        "A/G": "0.1",
        "Tgt": "0",
        "Rec": "0",
        "Y/R": "",
        "R/G": "0.0",
        "Ctch%": "",
        "Y/Tgt": "",
        "Touch": "1",
        "Y/Tch": "1.0",
        "YScm": "1",
        "RRTD": "0",
        "Fmb": "0",
        "Awards": ""
    },
    "Wanya Morris": {
        "Rk": "19",
        "Age": "24",
        "Pos": "OL",
        "G": "13",
        "GS": "10",
        "Att": "0",
        "Yds": "0",
        "TD": "0",
        "1D": "0",
        "Succ%": "",
        "Lng": "",
        "Y/A": "",
        "Y/G": "0.0",
        "A/G": "0.0",
        "Tgt": "1",
        "Rec": "1",
        "Y/R": "1.0",
        "R/G": "0.1",
        "Ctch%": "100.0",
        "Y/Tgt": "1.0",
        "Touch": "1",
        "Y/Tch": "1.0",
        "YScm": "1",
        "RRTD": "1",
        "Fmb": "0",
        "Awards": ""
    },
    "Baylor Cupp": {
        "Rk": "20",
        "Age": "24",
        "Pos": "TE",
        "G": "1",
        "GS": "0",
        "Att": "0",
        "Yds": "0",
        "TD": "0",
        "1D": "0",
        "Succ%": "",
        "Lng": "",
        "Y/A": "",
        "Y/G": "0.0",
        "A/G": "0.0",
        "Tgt": "1",
        "Rec": "0",
        "Y/R": "",
        "R/G": "0.0",
        "Ctch%": "0.0",
        "Y/Tgt": "0.0",
        "Touch": "0",
        "Y/Tch": "",
        "YScm": "0",
        "RRTD": "0",
        "Fmb": "0",
        "Awards": ""
    },
    "Skyy Moore": {
        "Rk": "21",
        "Age": "24",
        "Pos": "WR",
        "G": "6",
        "GS": "0",
        "Att": "0",
        "Yds": "0",
        "TD": "0",
        "1D": "0",
        "Succ%": "",
        "Lng": "",
        "Y/A": "",
        "Y/G": "0.0",
        "A/G": "0.0",
        "Tgt": "3",
        "Rec": "0",
        "Y/R": "",
        "R/G": "0.0",
        "Ctch%": "0.0",
        "Y/Tgt": "0.0",
        "Touch": "0",
        "Y/Tch": "",
        "YScm": "0",
        "RRTD": "0",
        "Fmb": "0",
        "Awards": ""
    },
    "Justyn Ross": {
        "Rk": "22",
        "Age": "25",
        "Pos": "WR",
        "G": "2",
        "GS": "0",
        "Att": "0",
        "Yds": "0",
        "TD": "0",
        "1D": "0",
        "Succ%": "",
        "Lng": "",
        "Y/A": "",
        "Y/G": "0.0",
        "A/G": "0.0",
        "Tgt": "1",
        "Rec": "0",
        "Y/R": "",
        "R/G": "0.0",
        "Ctch%": "0.0",
        "Y/Tgt": "0.0",
        "Touch": "0",
        "Y/Tch": "",
        "YScm": "0",
        "RRTD": "0",
        "Fmb": "0",
        "Awards": ""
    }
}