{
    "J.K. Dobbins": {
        "Rk": "1",
        "Age": "26",
        "Pos": "RB",
        "G": "11",
        "GS": "9",
        "Att": "158",
        "Yds": "766",
        "TD": "8",
        "1D": "39",
        "Succ%": "40.5",
        "Lng": "61",
        "Y/A": "4.8",
        "Y/G": "69.6",
        "A/G": "14.4",
        "Tgt": "34",
        "Rec": "28",
        "Y/R": "4.8",
        "R/G": "2.5",
        "Ctch%": "82.4",
        "Y/Tgt": "3.9",
        "Touch": "186",
        "Y/Tch": "4.8",
        "YScm": "900",
        "RRTD": "8",
        "Fmb": "0",
        "Awards": ""
    },
    "Ladd McConkey": {
        "Rk": "2",
        "Age": "23",
        "Pos": "WR",
        "G": "12",
        "GS": "10",
        "Att": "0",
        "Yds": "0",
        "TD": "0",
        "1D": "0",
        "Succ%": "",
        "Lng": "",
        "Y/A": "",
        "Y/G": "0.0",
        "A/G": "0.0",
        "Tgt": "81",
        "Rec": "58",
        "Y/R": "14.1",
        "R/G": "4.8",
        "Ctch%": "71.6",
        "Y/Tgt": "10.1",
        "Touch": "58",
        "Y/Tch": "14.1",
        "YScm": "815",
        "RRTD": "4",
        "Fmb": "2",
        "Awards": ""
    },
    "Josh Palmer": {
        "Rk": "3",
        "Age": "25",
        "Pos": "WR",
        "G": "12",
        "GS": "6",
        "Att": "0",
        "Yds": "0",
        "TD": "0",
        "1D": "0",
        "Succ%": "",
        "Lng": "",
        "Y/A": "",
        "Y/G": "0.0",
        "A/G": "0.0",
        "Tgt": "50",
        "Rec": "30",
        "Y/R": "16.4",
        "R/G": "2.5",
        "Ctch%": "60.0",
        "Y/Tgt": "9.8",
        "Touch": "30",
        "Y/Tch": "16.4",
        "YScm": "492",
        "RRTD": "1",
        "Fmb": "0",
        "Awards": ""
    },
    "Quentin Johnston": {
        "Rk": "4",
        "Age": "23",
        "Pos": "WR",
        "G": "11",
        "GS": "8",
        "Att": "3",
        "Yds": "6",
        "TD": "0",
        "1D": "0",
        "Succ%": "33.3",
        "Lng": "4",
        "Y/A": "2.0",
        "Y/G": "0.5",
        "A/G": "0.3",
        "Tgt": "53",
        "Rec": "29",
        "Y/R": "14.3",
        "R/G": "2.6",
        "Ctch%": "54.7",
        "Y/Tgt": "7.8",
        "Touch": "32",
        "Y/Tch": "13.1",
        "YScm": "420",
        "RRTD": "7",
        "Fmb": "0",
        "Awards": ""
    },
    "Will Dissly": {
        "Rk": "5",
        "Age": "28",
        "Pos": "TE",
        "G": "13",
        "GS": "7",
        "Att": "0",
        "Yds": "0",
        "TD": "0",
        "1D": "0",
        "Succ%": "",
        "Lng": "",
        "Y/A": "",
        "Y/G": "0.0",
        "A/G": "0.0",
        "Tgt": "55",
        "Rec": "43",
        "Y/R": "9.7",
        "R/G": "3.3",
        "Ctch%": "78.2",
        "Y/Tgt": "7.6",
        "Touch": "43",
        "Y/Tch": "9.7",
        "YScm": "418",
        "RRTD": "1",
        "Fmb": "0",
        "Awards": ""
    },
    "Gus Edwards": {
        "Rk": "6",
        "Age": "29",
        "Pos": "RB",
        "G": "9",
        "GS": "4",
        "Att": "79",
        "Yds": "274",
        "TD": "2",
        "1D": "13",
        "Succ%": "50.6",
        "Lng": "12",
        "Y/A": "3.5",
        "Y/G": "30.4",
        "A/G": "8.8",
        "Tgt": "3",
        "Rec": "2",
        "Y/R": "1.5",
        "R/G": "0.2",
        "Ctch%": "66.7",
        "Y/Tgt": "1.0",
        "Touch": "81",
        "Y/Tch": "3.4",
        "YScm": "277",
        "RRTD": "2",
        "Fmb": "0",
        "Awards": ""
    },
    "Justin Herbert": {
        "Rk": "7",
        "Age": "26",
        "Pos": "QB",
        "G": "13",
        "GS": "13",
        "Att": "54",
        "Yds": "224",
        "TD": "2",
        "1D": "16",
        "Succ%": "44.4",
        "Lng": "38",
        "Y/A": "4.1",
        "Y/G": "17.2",
        "A/G": "4.2",
        "Tgt": "0",
        "Rec": "0",
        "Y/R": "",
        "R/G": "0.0",
        "Ctch%": "",
        "Y/Tgt": "",
        "Touch": "54",
        "Y/Tch": "4.1",
        "YScm": "224",
        "RRTD": "2",
        "Fmb": "6",
        "Awards": ""
    },
    "Kimani Vidal": {
        "Rk": "8",
        "Age": "23",
        "Pos": "RB",
        "G": "6",
        "GS": "0",
        "Att": "30",
        "Yds": "98",
        "TD": "0",
        "1D": "5",
        "Succ%": "33.3",
        "Lng": "16",
        "Y/A": "3.3",
        "Y/G": "16.3",
        "A/G": "5.0",
        "Tgt": "4",
        "Rec": "3",
        "Y/R": "16.3",
        "R/G": "0.5",
        "Ctch%": "75.0",
        "Y/Tgt": "12.3",
        "Touch": "33",
        "Y/Tch": "4.5",
        "YScm": "147",
        "RRTD": "1",
        "Fmb": "0",
        "Awards": ""
    },
    "Simi Fehoko": {
        "Rk": "9",
        "Age": "27",
        "Pos": "WR",
        "G": "8",
        "GS": "2",
        "Att": "0",
        "Yds": "0",
        "TD": "0",
        "1D": "0",
        "Succ%": "",
        "Lng": "",
        "Y/A": "",
        "Y/G": "0.0",
        "A/G": "0.0",
        "Tgt": "16",
        "Rec": "6",
        "Y/R": "17.7",
        "R/G": "0.8",
        "Ctch%": "37.5",
        "Y/Tgt": "6.6",
        "Touch": "6",
        "Y/Tch": "17.7",
        "YScm": "106",
        "RRTD": "0",
        "Fmb": "0",
        "Awards": ""
    },
    "Stone Smartt": {
        "Rk": "10",
        "Age": "26",
        "Pos": "TE",
        "G": "11",
        "GS": "0",
        "Att": "0",
        "Yds": "0",
        "TD": "0",
        "1D": "0",
        "Succ%": "",
        "Lng": "",
        "Y/A": "",
        "Y/G": "0.0",
        "A/G": "0.0",
        "Tgt": "8",
        "Rec": "6",
        "Y/R": "16.3",
        "R/G": "0.5",
        "Ctch%": "75.0",
        "Y/Tgt": "12.3",
        "Touch": "6",
        "Y/Tch": "16.3",
        "YScm": "98",
        "RRTD": "0",
        "Fmb": "0",
        "Awards": ""
    },
    "Jalen Reagor": {
        "Rk": "11",
        "Age": "25",
        "Pos": "WR",
        "G": "8",
        "GS": "2",
        "Att": "3",
        "Yds": "-3",
        "TD": "0",
        "1D": "0",
        "Succ%": "0.0",
        "Lng": "1",
        "Y/A": "-1.0",
        "Y/G": "-0.4",
        "A/G": "0.4",
        "Tgt": "12",
        "Rec": "7",
        "Y/R": "14.3",
        "R/G": "0.9",
        "Ctch%": "58.3",
        "Y/Tgt": "8.3",
        "Touch": "10",
        "Y/Tch": "9.7",
        "YScm": "97",
        "RRTD": "0",
        "Fmb": "1",
        "Awards": ""
    },
    "Derius Davis": {
        "Rk": "12",
        "Age": "24",
        "Pos": "WR",
        "G": "11",
        "GS": "2",
        "Att": "9",
        "Yds": "46",
        "TD": "0",
        "1D": "2",
        "Succ%": "66.7",
        "Lng": "10",
        "Y/A": "5.1",
        "Y/G": "4.2",
        "A/G": "0.8",
        "Tgt": "12",
        "Rec": "8",
        "Y/R": "5.9",
        "R/G": "0.7",
        "Ctch%": "66.7",
        "Y/Tgt": "3.9",
        "Touch": "17",
        "Y/Tch": "5.5",
        "YScm": "93",
        "RRTD": "0",
        "Fmb": "1",
        "Awards": ""
    },
    "Hayden Hurst": {
        "Rk": "13",
        "Age": "31",
        "Pos": "TE",
        "G": "7",
        "GS": "2",
        "Att": "0",
        "Yds": "0",
        "TD": "0",
        "1D": "0",
        "Succ%": "",
        "Lng": "",
        "Y/A": "",
        "Y/G": "0.0",
        "A/G": "0.0",
        "Tgt": "12",
        "Rec": "7",
        "Y/R": "9.3",
        "R/G": "1.0",
        "Ctch%": "58.3",
        "Y/Tgt": "5.4",
        "Touch": "7",
        "Y/Tch": "9.3",
        "YScm": "65",
        "RRTD": "0",
        "Fmb": "0",
        "Awards": ""
    },
    "Hassan Haskins": {
        "Rk": "14",
        "Age": "25",
        "Pos": "RB",
        "G": "13",
        "GS": "0",
        "Att": "14",
        "Yds": "26",
        "TD": "1",
        "1D": "6",
        "Succ%": "42.9",
        "Lng": "5",
        "Y/A": "1.9",
        "Y/G": "2.0",
        "A/G": "1.1",
        "Tgt": "0",
        "Rec": "0",
        "Y/R": "",
        "R/G": "0.0",
        "Ctch%": "",
        "Y/Tgt": "",
        "Touch": "14",
        "Y/Tch": "1.9",
        "YScm": "26",
        "RRTD": "1",
        "Fmb": "1",
        "Awards": ""
    },
    "Scott Matlock": {
        "Rk": "15",
        "Age": "24",
        "Pos": "DL",
        "G": "13",
        "GS": "8",
        "Att": "0",
        "Yds": "0",
        "TD": "0",
        "1D": "0",
        "Succ%": "",
        "Lng": "",
        "Y/A": "",
        "Y/G": "0.0",
        "A/G": "0.0",
        "Tgt": "4",
        "Rec": "3",
        "Y/R": "6.0",
        "R/G": "0.2",
        "Ctch%": "75.0",
        "Y/Tgt": "4.5",
        "Touch": "3",
        "Y/Tch": "6.0",
        "YScm": "18",
        "RRTD": "0",
        "Fmb": "0",
        "Awards": ""
    },
    "Tucker Fisk": {
        "Rk": "16",
        "Age": "25",
        "Pos": "TE",
        "G": "5",
        "GS": "4",
        "Att": "0",
        "Yds": "0",
        "TD": "0",
        "1D": "0",
        "Succ%": "",
        "Lng": "",
        "Y/A": "",
        "Y/G": "0.0",
        "A/G": "0.0",
        "Tgt": "5",
        "Rec": "4",
        "Y/R": "3.5",
        "R/G": "0.8",
        "Ctch%": "80.0",
        "Y/Tgt": "2.8",
        "Touch": "4",
        "Y/Tch": "3.5",
        "YScm": "14",
        "RRTD": "0",
        "Fmb": "0",
        "Awards": ""
    },
    "Taylor Heinicke": {
        "Rk": "17",
        "Age": "31",
        "Pos": "QB",
        "G": "2",
        "GS": "0",
        "Att": "1",
        "Yds": "12",
        "TD": "0",
        "1D": "0",
        "Succ%": "0.0",
        "Lng": "12",
        "Y/A": "12.0",
        "Y/G": "6.0",
        "A/G": "0.5",
        "Tgt": "0",
        "Rec": "0",
        "Y/R": "",
        "R/G": "0.0",
        "Ctch%": "",
        "Y/Tgt": "",
        "Touch": "1",
        "Y/Tch": "12.0",
        "YScm": "12",
        "RRTD": "0",
        "Fmb": "0",
        "Awards": ""
    },
    "DJ Chark": {
        "Rk": "18",
        "Age": "28",
        "Pos": "WR",
        "G": "3",
        "GS": "0",
        "Att": "0",
        "Yds": "0",
        "TD": "0",
        "1D": "0",
        "Succ%": "",
        "Lng": "",
        "Y/A": "",
        "Y/G": "0.0",
        "A/G": "0.0",
        "Tgt": "1",
        "Rec": "1",
        "Y/R": "9.0",
        "R/G": "0.3",
        "Ctch%": "100.0",
        "Y/Tgt": "9.0",
        "Touch": "1",
        "Y/Tch": "9.0",
        "YScm": "9",
        "RRTD": "0",
        "Fmb": "0",
        "Awards": ""
    },
    "Eric Tomlinson": {
        "Rk": "19",
        "Age": "32",
        "Pos": "TE",
        "G": "8",
        "GS": "1",
        "Att": "0",
        "Yds": "0",
        "TD": "0",
        "1D": "0",
        "Succ%": "",
        "Lng": "",
        "Y/A": "",
        "Y/G": "0.0",
        "A/G": "0.0",
        "Tgt": "4",
        "Rec": "2",
        "Y/R": "4.5",
        "R/G": "0.3",
        "Ctch%": "50.0",
        "Y/Tgt": "2.3",
        "Touch": "2",
        "Y/Tch": "4.5",
        "YScm": "9",
        "RRTD": "0",
        "Fmb": "0",
        "Awards": ""
    },
    "JK Scott": {
        "Rk": "20",
        "Age": "29",
        "Pos": "P",
        "G": "13",
        "GS": "0",
        "Att": "1",
        "Yds": "0",
        "TD": "0",
        "1D": "0",
        "Succ%": "0.0",
        "Lng": "",
        "Y/A": "0.0",
        "Y/G": "0.0",
        "A/G": "0.1",
        "Tgt": "0",
        "Rec": "0",
        "Y/R": "",
        "R/G": "0.0",
        "Ctch%": "",
        "Y/Tgt": "",
        "Touch": "1",
        "Y/Tch": "0.0",
        "YScm": "0",
        "RRTD": "0",
        "Fmb": "1",
        "Awards": ""
    }
}