{
    "Jonathan Taylor": {
        "Rk": "1",
        "Age": "25",
        "Pos": "RB",
        "G": "10",
        "GS": "9",
        "Att": "186",
        "Yds": "804",
        "TD": "5",
        "1D": "42",
        "Succ%": "40.3",
        "Lng": "58",
        "Y/A": "4.3",
        "Y/G": "80.4",
        "A/G": "18.6",
        "Tgt": "23",
        "Rec": "14",
        "Y/R": "8.4",
        "R/G": "1.4",
        "Ctch%": "60.9",
        "Y/Tgt": "5.1",
        "Touch": "200",
        "Y/Tch": "4.6",
        "YScm": "922",
        "RRTD": "6",
        "Fmb": "3",
        "Awards": ""
    },
    "Alec Pierce": {
        "Rk": "2",
        "Age": "24",
        "Pos": "WR",
        "G": "13",
        "GS": "10",
        "Att": "0",
        "Yds": "0",
        "TD": "0",
        "1D": "0",
        "Succ%": "",
        "Lng": "",
        "Y/A": "",
        "Y/G": "0.0",
        "A/G": "0.0",
        "Tgt": "54",
        "Rec": "29",
        "Y/R": "22.2",
        "R/G": "2.2",
        "Ctch%": "53.7",
        "Y/Tgt": "11.9",
        "Touch": "29",
        "Y/Tch": "22.2",
        "YScm": "645",
        "RRTD": "5",
        "Fmb": "0",
        "Awards": ""
    },
    "Josh Downs": {
        "Rk": "3",
        "Age": "23",
        "Pos": "WR",
        "G": "10",
        "GS": "6",
        "Att": "1",
        "Yds": "12",
        "TD": "0",
        "1D": "0",
        "Succ%": "0.0",
        "Lng": "13",
        "Y/A": "12.0",
        "Y/G": "1.2",
        "A/G": "0.1",
        "Tgt": "78",
        "Rec": "53",
        "Y/R": "11.2",
        "R/G": "5.3",
        "Ctch%": "67.9",
        "Y/Tgt": "7.6",
        "Touch": "54",
        "Y/Tch": "11.2",
        "YScm": "606",
        "RRTD": "4",
        "Fmb": "0",
        "Awards": ""
    },
    "Michael Pittman Jr.": {
        "Rk": "4",
        "Age": "27",
        "Pos": "WR",
        "G": "12",
        "GS": "10",
        "Att": "0",
        "Yds": "0",
        "TD": "0",
        "1D": "0",
        "Succ%": "",
        "Lng": "",
        "Y/A": "",
        "Y/G": "0.0",
        "A/G": "0.0",
        "Tgt": "79",
        "Rec": "46",
        "Y/R": "12.0",
        "R/G": "3.8",
        "Ctch%": "58.2",
        "Y/Tgt": "7.0",
        "Touch": "46",
        "Y/Tch": "12.0",
        "YScm": "550",
        "RRTD": "2",
        "Fmb": "0",
        "Awards": ""
    },
    "Anthony Richardson": {
        "Rk": "5",
        "Age": "22",
        "Pos": "QB",
        "G": "9",
        "GS": "9",
        "Att": "70",
        "Yds": "383",
        "TD": "4",
        "1D": "28",
        "Succ%": "57.1",
        "Lng": "26",
        "Y/A": "5.5",
        "Y/G": "42.6",
        "A/G": "7.8",
        "Tgt": "0",
        "Rec": "0",
        "Y/R": "",
        "R/G": "0.0",
        "Ctch%": "",
        "Y/Tgt": "",
        "Touch": "70",
        "Y/Tch": "5.5",
        "YScm": "383",
        "RRTD": "4",
        "Fmb": "9",
        "Awards": ""
    },
    "Adonai Mitchell": {
        "Rk": "6",
        "Age": "22",
        "Pos": "WR",
        "G": "13",
        "GS": "7",
        "Att": "3",
        "Yds": "16",
        "TD": "0",
        "1D": "1",
        "Succ%": "66.7",
        "Lng": "10",
        "Y/A": "5.3",
        "Y/G": "1.2",
        "A/G": "0.2",
        "Tgt": "45",
        "Rec": "20",
        "Y/R": "12.7",
        "R/G": "1.5",
        "Ctch%": "44.4",
        "Y/Tgt": "5.6",
        "Touch": "23",
        "Y/Tch": "11.7",
        "YScm": "270",
        "RRTD": "0",
        "Fmb": "1",
        "Awards": ""
    },
    "Trey Sermon": {
        "Rk": "7",
        "Age": "25",
        "Pos": "RB",
        "G": "13",
        "GS": "3",
        "Att": "47",
        "Yds": "131",
        "TD": "2",
        "1D": "13",
        "Succ%": "44.7",
        "Lng": "17",
        "Y/A": "2.8",
        "Y/G": "10.1",
        "A/G": "3.6",
        "Tgt": "13",
        "Rec": "12",
        "Y/R": "6.3",
        "R/G": "0.9",
        "Ctch%": "92.3",
        "Y/Tgt": "5.8",
        "Touch": "59",
        "Y/Tch": "3.5",
        "YScm": "206",
        "RRTD": "2",
        "Fmb": "0",
        "Awards": ""
    },
    "Tyler Goodson": {
        "Rk": "8",
        "Age": "24",
        "Pos": "RB",
        "G": "12",
        "GS": "0",
        "Att": "27",
        "Yds": "128",
        "TD": "1",
        "1D": "4",
        "Succ%": "37.0",
        "Lng": "33",
        "Y/A": "4.7",
        "Y/G": "10.7",
        "A/G": "2.3",
        "Tgt": "13",
        "Rec": "10",
        "Y/R": "5.6",
        "R/G": "0.8",
        "Ctch%": "76.9",
        "Y/Tgt": "4.3",
        "Touch": "37",
        "Y/Tch": "5.0",
        "YScm": "184",
        "RRTD": "2",
        "Fmb": "0",
        "Awards": ""
    },
    "Mo Alie-Cox": {
        "Rk": "9",
        "Age": "31",
        "Pos": "TE",
        "G": "13",
        "GS": "11",
        "Att": "0",
        "Yds": "0",
        "TD": "0",
        "1D": "0",
        "Succ%": "",
        "Lng": "",
        "Y/A": "",
        "Y/G": "0.0",
        "A/G": "0.0",
        "Tgt": "18",
        "Rec": "11",
        "Y/R": "12.0",
        "R/G": "0.8",
        "Ctch%": "61.1",
        "Y/Tgt": "7.3",
        "Touch": "11",
        "Y/Tch": "12.0",
        "YScm": "132",
        "RRTD": "1",
        "Fmb": "0",
        "Awards": ""
    },
    "Ashton Dulin": {
        "Rk": "10",
        "Age": "27",
        "Pos": "WR",
        "G": "12",
        "GS": "2",
        "Att": "5",
        "Yds": "45",
        "TD": "0",
        "1D": "2",
        "Succ%": "100.0",
        "Lng": "12",
        "Y/A": "9.0",
        "Y/G": "3.8",
        "A/G": "0.4",
        "Tgt": "8",
        "Rec": "2",
        "Y/R": "33.5",
        "R/G": "0.2",
        "Ctch%": "25.0",
        "Y/Tgt": "8.4",
        "Touch": "7",
        "Y/Tch": "16.0",
        "YScm": "112",
        "RRTD": "1",
        "Fmb": "0",
        "Awards": ""
    },
    "Kylen Granson": {
        "Rk": "11",
        "Age": "26",
        "Pos": "TE",
        "G": "13",
        "GS": "4",
        "Att": "0",
        "Yds": "0",
        "TD": "0",
        "1D": "0",
        "Succ%": "",
        "Lng": "",
        "Y/A": "",
        "Y/G": "0.0",
        "A/G": "0.0",
        "Tgt": "19",
        "Rec": "7",
        "Y/R": "13.4",
        "R/G": "0.5",
        "Ctch%": "36.8",
        "Y/Tgt": "4.9",
        "Touch": "7",
        "Y/Tch": "13.4",
        "YScm": "94",
        "RRTD": "0",
        "Fmb": "0",
        "Awards": ""
    },
    "Andrew Ogletree": {
        "Rk": "12",
        "Age": "26",
        "Pos": "TE",
        "G": "13",
        "GS": "3",
        "Att": "0",
        "Yds": "0",
        "TD": "0",
        "1D": "0",
        "Succ%": "",
        "Lng": "",
        "Y/A": "",
        "Y/G": "0.0",
        "A/G": "0.0",
        "Tgt": "12",
        "Rec": "8",
        "Y/R": "11.0",
        "R/G": "0.6",
        "Ctch%": "66.7",
        "Y/Tgt": "7.3",
        "Touch": "8",
        "Y/Tch": "11.0",
        "YScm": "88",
        "RRTD": "1",
        "Fmb": "0",
        "Awards": ""
    },
    "Will Mallory": {
        "Rk": "13",
        "Age": "25",
        "Pos": "TE",
        "G": "8",
        "GS": "0",
        "Att": "0",
        "Yds": "0",
        "TD": "0",
        "1D": "0",
        "Succ%": "",
        "Lng": "",
        "Y/A": "",
        "Y/G": "0.0",
        "A/G": "0.0",
        "Tgt": "7",
        "Rec": "4",
        "Y/R": "7.3",
        "R/G": "0.5",
        "Ctch%": "57.1",
        "Y/Tgt": "4.1",
        "Touch": "4",
        "Y/Tch": "7.3",
        "YScm": "29",
        "RRTD": "0",
        "Fmb": "0",
        "Awards": ""
    },
    "Joe Flacco": {
        "Rk": "14",
        "Age": "39",
        "Pos": "QB",
        "G": "6",
        "GS": "4",
        "Att": "8",
        "Yds": "25",
        "TD": "0",
        "1D": "2",
        "Succ%": "25.0",
        "Lng": "21",
        "Y/A": "3.1",
        "Y/G": "4.2",
        "A/G": "1.3",
        "Tgt": "0",
        "Rec": "0",
        "Y/R": "",
        "R/G": "0.0",
        "Ctch%": "",
        "Y/Tgt": "",
        "Touch": "8",
        "Y/Tch": "3.1",
        "YScm": "25",
        "RRTD": "0",
        "Fmb": "3",
        "Awards": ""
    }
}