{
    "De'Von Achane": {
        "Rk": "1",
        "Age": "23",
        "Pos": "RB",
        "G": "13",
        "GS": "12",
        "Att": "153",
        "Yds": "600",
        "TD": "4",
        "1D": "27",
        "Succ%": "49.0",
        "Lng": "47",
        "Y/A": "3.9",
        "Y/G": "46.2",
        "A/G": "11.8",
        "Tgt": "71",
        "Rec": "63",
        "Y/R": "7.5",
        "R/G": "4.8",
        "Ctch%": "88.7",
        "Y/Tgt": "6.7",
        "Touch": "216",
        "Y/Tch": "5.0",
        "YScm": "1074",
        "RRTD": "10",
        "Fmb": "0",
        "Awards": ""
    },
    "Tyreek Hill": {
        "Rk": "2",
        "Age": "30",
        "Pos": "WR",
        "G": "13",
        "GS": "13",
        "Att": "8",
        "Yds": "53",
        "TD": "0",
        "1D": "2",
        "Succ%": "62.5",
        "Lng": "16",
        "Y/A": "6.6",
        "Y/G": "4.1",
        "A/G": "0.6",
        "Tgt": "97",
        "Rec": "65",
        "Y/R": "11.8",
        "R/G": "5.0",
        "Ctch%": "67.0",
        "Y/Tgt": "7.9",
        "Touch": "73",
        "Y/Tch": "11.3",
        "YScm": "822",
        "RRTD": "5",
        "Fmb": "0",
        "Awards": ""
    },
    "Jaylen Waddle": {
        "Rk": "3",
        "Age": "26",
        "Pos": "WR",
        "G": "13",
        "GS": "13",
        "Att": "3",
        "Yds": "6",
        "TD": "0",
        "1D": "0",
        "Succ%": "66.7",
        "Lng": "4",
        "Y/A": "2.0",
        "Y/G": "0.5",
        "A/G": "0.2",
        "Tgt": "72",
        "Rec": "54",
        "Y/R": "13.0",
        "R/G": "4.2",
        "Ctch%": "75.0",
        "Y/Tgt": "9.7",
        "Touch": "57",
        "Y/Tch": "12.4",
        "YScm": "706",
        "RRTD": "2",
        "Fmb": "0",
        "Awards": ""
    },
    "Jonnu Smith": {
        "Rk": "4",
        "Age": "29",
        "Pos": "TE",
        "G": "13",
        "GS": "4",
        "Att": "2",
        "Yds": "-1",
        "TD": "0",
        "1D": "0",
        "Succ%": "0.0",
        "Lng": "",
        "Y/A": "-0.5",
        "Y/G": "-0.1",
        "A/G": "0.2",
        "Tgt": "78",
        "Rec": "61",
        "Y/R": "11.3",
        "R/G": "4.7",
        "Ctch%": "78.2",
        "Y/Tgt": "8.9",
        "Touch": "63",
        "Y/Tch": "11.0",
        "YScm": "691",
        "RRTD": "5",
        "Fmb": "1",
        "Awards": ""
    },
    "Raheem Mostert": {
        "Rk": "5",
        "Age": "32",
        "Pos": "RB",
        "G": "9",
        "GS": "1",
        "Att": "65",
        "Yds": "236",
        "TD": "2",
        "1D": "11",
        "Succ%": "41.5",
        "Lng": "18",
        "Y/A": "3.6",
        "Y/G": "26.2",
        "A/G": "7.2",
        "Tgt": "16",
        "Rec": "12",
        "Y/R": "9.8",
        "R/G": "1.3",
        "Ctch%": "75.0",
        "Y/Tgt": "7.3",
        "Touch": "77",
        "Y/Tch": "4.6",
        "YScm": "353",
        "RRTD": "2",
        "Fmb": "2",
        "Awards": ""
    },
    "Jaylen Wright": {
        "Rk": "6",
        "Age": "21",
        "Pos": "RB",
        "G": "12",
        "GS": "1",
        "Att": "61",
        "Yds": "250",
        "TD": "0",
        "1D": "10",
        "Succ%": "42.6",
        "Lng": "20",
        "Y/A": "4.1",
        "Y/G": "20.8",
        "A/G": "5.1",
        "Tgt": "6",
        "Rec": "3",
        "Y/R": "2.7",
        "R/G": "0.3",
        "Ctch%": "50.0",
        "Y/Tgt": "1.3",
        "Touch": "64",
        "Y/Tch": "4.0",
        "YScm": "258",
        "RRTD": "0",
        "Fmb": "1",
        "Awards": ""
    },
    "Julian Hill": {
        "Rk": "7",
        "Age": "24",
        "Pos": "TE",
        "G": "12",
        "GS": "10",
        "Att": "0",
        "Yds": "0",
        "TD": "0",
        "1D": "0",
        "Succ%": "",
        "Lng": "",
        "Y/A": "",
        "Y/G": "0.0",
        "A/G": "0.0",
        "Tgt": "18",
        "Rec": "12",
        "Y/R": "8.3",
        "R/G": "1.0",
        "Ctch%": "66.7",
        "Y/Tgt": "5.6",
        "Touch": "12",
        "Y/Tch": "8.3",
        "YScm": "100",
        "RRTD": "0",
        "Fmb": "1",
        "Awards": ""
    },
    "Malik Washington": {
        "Rk": "8",
        "Age": "23",
        "Pos": "WR",
        "G": "10",
        "GS": "1",
        "Att": "4",
        "Yds": "36",
        "TD": "1",
        "1D": "1",
        "Succ%": "75.0",
        "Lng": "18",
        "Y/A": "9.0",
        "Y/G": "3.6",
        "A/G": "0.4",
        "Tgt": "16",
        "Rec": "10",
        "Y/R": "5.4",
        "R/G": "1.0",
        "Ctch%": "62.5",
        "Y/Tgt": "3.4",
        "Touch": "14",
        "Y/Tch": "6.4",
        "YScm": "90",
        "RRTD": "1",
        "Fmb": "1",
        "Awards": ""
    },
    "Alec Ingold": {
        "Rk": "9",
        "Age": "28",
        "Pos": "FB",
        "G": "11",
        "GS": "6",
        "Att": "9",
        "Yds": "13",
        "TD": "1",
        "1D": "5",
        "Succ%": "55.6",
        "Lng": "6",
        "Y/A": "1.4",
        "Y/G": "1.2",
        "A/G": "0.8",
        "Tgt": "10",
        "Rec": "9",
        "Y/R": "8.3",
        "R/G": "0.8",
        "Ctch%": "90.0",
        "Y/Tgt": "7.5",
        "Touch": "18",
        "Y/Tch": "4.9",
        "YScm": "88",
        "RRTD": "1",
        "Fmb": "2",
        "Awards": ""
    },
    "Tyler Huntley": {
        "Rk": "10",
        "Age": "26",
        "Pos": "QB",
        "G": "3",
        "GS": "3",
        "Att": "16",
        "Yds": "67",
        "TD": "1",
        "1D": "6",
        "Succ%": "43.8",
        "Lng": "20",
        "Y/A": "4.2",
        "Y/G": "22.3",
        "A/G": "5.3",
        "Tgt": "0",
        "Rec": "0",
        "Y/R": "",
        "R/G": "0.0",
        "Ctch%": "",
        "Y/Tgt": "",
        "Touch": "16",
        "Y/Tch": "4.2",
        "YScm": "67",
        "RRTD": "1",
        "Fmb": "1",
        "Awards": ""
    },
    "Jeff Wilson": {
        "Rk": "11",
        "Age": "29",
        "Pos": "RB",
        "G": "6",
        "GS": "0",
        "Att": "9",
        "Yds": "44",
        "TD": "0",
        "1D": "2",
        "Succ%": "55.6",
        "Lng": "14",
        "Y/A": "4.9",
        "Y/G": "7.3",
        "A/G": "1.5",
        "Tgt": "3",
        "Rec": "3",
        "Y/R": "6.3",
        "R/G": "0.5",
        "Ctch%": "100.0",
        "Y/Tgt": "6.3",
        "Touch": "12",
        "Y/Tch": "5.3",
        "YScm": "63",
        "RRTD": "0",
        "Fmb": "0",
        "Awards": ""
    },
    "Odell Beckham Jr.": {
        "Rk": "12",
        "Age": "32",
        "Pos": "WR",
        "G": "9",
        "GS": "0",
        "Att": "0",
        "Yds": "0",
        "TD": "0",
        "1D": "0",
        "Succ%": "",
        "Lng": "",
        "Y/A": "",
        "Y/G": "0.0",
        "A/G": "0.0",
        "Tgt": "18",
        "Rec": "9",
        "Y/R": "6.1",
        "R/G": "1.0",
        "Ctch%": "50.0",
        "Y/Tgt": "3.1",
        "Touch": "9",
        "Y/Tch": "6.1",
        "YScm": "55",
        "RRTD": "0",
        "Fmb": "0",
        "Awards": ""
    },
    "Tua Tagovailoa": {
        "Rk": "13",
        "Age": "26",
        "Pos": "QB",
        "G": "9",
        "GS": "9",
        "Att": "15",
        "Yds": "50",
        "TD": "0",
        "1D": "5",
        "Succ%": "46.7",
        "Lng": "13",
        "Y/A": "3.3",
        "Y/G": "5.6",
        "A/G": "1.7",
        "Tgt": "0",
        "Rec": "0",
        "Y/R": "",
        "R/G": "0.0",
        "Ctch%": "",
        "Y/Tgt": "",
        "Touch": "15",
        "Y/Tch": "3.3",
        "YScm": "50",
        "RRTD": "0",
        "Fmb": "5",
        "Awards": ""
    },
    "Durham Smythe": {
        "Rk": "14",
        "Age": "29",
        "Pos": "TE",
        "G": "13",
        "GS": "3",
        "Att": "0",
        "Yds": "0",
        "TD": "0",
        "1D": "0",
        "Succ%": "",
        "Lng": "",
        "Y/A": "",
        "Y/G": "0.0",
        "A/G": "0.0",
        "Tgt": "13",
        "Rec": "7",
        "Y/R": "5.7",
        "R/G": "0.5",
        "Ctch%": "53.8",
        "Y/Tgt": "3.1",
        "Touch": "7",
        "Y/Tch": "5.7",
        "YScm": "40",
        "RRTD": "0",
        "Fmb": "0",
        "Awards": ""
    },
    "D'Wayne Eskridge": {
        "Rk": "15",
        "Age": "27",
        "Pos": "WR",
        "G": "5",
        "GS": "0",
        "Att": "0",
        "Yds": "0",
        "TD": "0",
        "1D": "0",
        "Succ%": "",
        "Lng": "",
        "Y/A": "",
        "Y/G": "0.0",
        "A/G": "0.0",
        "Tgt": "2",
        "Rec": "2",
        "Y/R": "18.0",
        "R/G": "0.4",
        "Ctch%": "100.0",
        "Y/Tgt": "18.0",
        "Touch": "2",
        "Y/Tch": "18.0",
        "YScm": "36",
        "RRTD": "0",
        "Fmb": "0",
        "Awards": ""
    },
    "Tanner Conner": {
        "Rk": "16",
        "Age": "26",
        "Pos": "TE",
        "G": "8",
        "GS": "1",
        "Att": "0",
        "Yds": "0",
        "TD": "0",
        "1D": "0",
        "Succ%": "",
        "Lng": "",
        "Y/A": "",
        "Y/G": "0.0",
        "A/G": "0.0",
        "Tgt": "4",
        "Rec": "3",
        "Y/R": "5.3",
        "R/G": "0.4",
        "Ctch%": "75.0",
        "Y/Tgt": "4.0",
        "Touch": "3",
        "Y/Tch": "5.3",
        "YScm": "16",
        "RRTD": "0",
        "Fmb": "0",
        "Awards": ""
    },
    "Grant Dubose": {
        "Rk": "17",
        "Age": "23",
        "Pos": "WR",
        "G": "2",
        "GS": "0",
        "Att": "0",
        "Yds": "0",
        "TD": "0",
        "1D": "0",
        "Succ%": "",
        "Lng": "",
        "Y/A": "",
        "Y/G": "0.0",
        "A/G": "0.0",
        "Tgt": "3",
        "Rec": "1",
        "Y/R": "13.0",
        "R/G": "0.5",
        "Ctch%": "33.3",
        "Y/Tgt": "4.3",
        "Touch": "1",
        "Y/Tch": "13.0",
        "YScm": "13",
        "RRTD": "0",
        "Fmb": "0",
        "Awards": ""
    },
    "Tim Boyle": {
        "Rk": "18",
        "Age": "30",
        "Pos": "QB",
        "G": "2",
        "GS": "0",
        "Att": "2",
        "Yds": "10",
        "TD": "0",
        "1D": "1",
        "Succ%": "100.0",
        "Lng": "6",
        "Y/A": "5.0",
        "Y/G": "5.0",
        "A/G": "1.0",
        "Tgt": "0",
        "Rec": "0",
        "Y/R": "",
        "R/G": "0.0",
        "Ctch%": "",
        "Y/Tgt": "",
        "Touch": "2",
        "Y/Tch": "5.0",
        "YScm": "10",
        "RRTD": "0",
        "Fmb": "0",
        "Awards": ""
    },
    "Robbie Chosen": {
        "Rk": "19",
        "Age": "31",
        "Pos": "WR",
        "G": "2",
        "GS": "0",
        "Att": "0",
        "Yds": "0",
        "TD": "0",
        "1D": "0",
        "Succ%": "",
        "Lng": "",
        "Y/A": "",
        "Y/G": "0.0",
        "A/G": "0.0",
        "Tgt": "4",
        "Rec": "1",
        "Y/R": "5.0",
        "R/G": "0.5",
        "Ctch%": "25.0",
        "Y/Tgt": "1.3",
        "Touch": "1",
        "Y/Tch": "5.0",
        "YScm": "5",
        "RRTD": "0",
        "Fmb": "0",
        "Awards": ""
    },
    "Skylar Thompson": {
        "Rk": "20",
        "Age": "27",
        "Pos": "QB",
        "G": "3",
        "GS": "1",
        "Att": "1",
        "Yds": "4",
        "TD": "0",
        "1D": "0",
        "Succ%": "0.0",
        "Lng": "4",
        "Y/A": "4.0",
        "Y/G": "1.3",
        "A/G": "0.3",
        "Tgt": "0",
        "Rec": "0",
        "Y/R": "",
        "R/G": "0.0",
        "Ctch%": "",
        "Y/Tgt": "",
        "Touch": "1",
        "Y/Tch": "4.0",
        "YScm": "4",
        "RRTD": "0",
        "Fmb": "2",
        "Awards": ""
    },
    "Jake Bailey": {
        "Rk": "21",
        "Age": "27",
        "Pos": "P",
        "G": "13",
        "GS": "0",
        "Att": "1",
        "Yds": "0",
        "TD": "0",
        "1D": "0",
        "Succ%": "0.0",
        "Lng": "",
        "Y/A": "0.0",
        "Y/G": "0.0",
        "A/G": "0.1",
        "Tgt": "0",
        "Rec": "0",
        "Y/R": "",
        "R/G": "0.0",
        "Ctch%": "",
        "Y/Tgt": "",
        "Touch": "1",
        "Y/Tch": "0.0",
        "YScm": "0",
        "RRTD": "0",
        "Fmb": "1",
        "Awards": ""
    },
    "Braxton Berrios": {
        "Rk": "22",
        "Age": "29",
        "Pos": "WR",
        "G": "6",
        "GS": "0",
        "Att": "0",
        "Yds": "0",
        "TD": "0",
        "1D": "0",
        "Succ%": "",
        "Lng": "",
        "Y/A": "",
        "Y/G": "0.0",
        "A/G": "0.0",
        "Tgt": "4",
        "Rec": "0",
        "Y/R": "",
        "R/G": "0.0",
        "Ctch%": "0.0",
        "Y/Tgt": "0.0",
        "Touch": "0",
        "Y/Tch": "",
        "YScm": "0",
        "RRTD": "0",
        "Fmb": "0",
        "Awards": ""
    },
    "Erik Ezukanma": {
        "Rk": "23",
        "Age": "24",
        "Pos": "WR",
        "G": "1",
        "GS": "0",
        "Att": "0",
        "Yds": "0",
        "TD": "0",
        "1D": "0",
        "Succ%": "",
        "Lng": "",
        "Y/A": "",
        "Y/G": "0.0",
        "A/G": "0.0",
        "Tgt": "2",
        "Rec": "0",
        "Y/R": "",
        "R/G": "0.0",
        "Ctch%": "0.0",
        "Y/Tgt": "0.0",
        "Touch": "0",
        "Y/Tch": "",
        "YScm": "0",
        "RRTD": "0",
        "Fmb": "0",
        "Awards": ""
    }
}