{
    "Brian Thomas": {
        "Rk": "1",
        "Age": "22",
        "Pos": "WR",
        "G": "13",
        "GS": "12",
        "Att": "5",
        "Yds": "30",
        "TD": "0",
        "1D": "2",
        "Succ%": "60.0",
        "Lng": "13",
        "Y/A": "6.0",
        "Y/G": "2.3",
        "A/G": "0.4",
        "Tgt": "85",
        "Rec": "54",
        "Y/R": "15.8",
        "R/G": "4.2",
        "Ctch%": "63.5",
        "Y/Tgt": "10.0",
        "Touch": "59",
        "Y/Tch": "14.9",
        "YScm": "881",
        "RRTD": "6",
        "Fmb": "0",
        "Awards": ""
    },
    "Tank Bigsby": {
        "Rk": "2",
        "Age": "23",
        "Pos": "RB",
        "G": "12",
        "GS": "1",
        "Att": "120",
        "Yds": "602",
        "TD": "5",
        "1D": "27",
        "Succ%": "47.5",
        "Lng": "65",
        "Y/A": "5.0",
        "Y/G": "50.2",
        "A/G": "10.0",
        "Tgt": "8",
        "Rec": "5",
        "Y/R": "10.0",
        "R/G": "0.4",
        "Ctch%": "62.5",
        "Y/Tgt": "6.3",
        "Touch": "125",
        "Y/Tch": "5.2",
        "YScm": "652",
        "RRTD": "5",
        "Fmb": "2",
        "Awards": ""
    },
    "Travis Etienne": {
        "Rk": "3",
        "Age": "25",
        "Pos": "RB",
        "G": "11",
        "GS": "11",
        "Att": "99",
        "Yds": "391",
        "TD": "2",
        "1D": "21",
        "Succ%": "48.5",
        "Lng": "22",
        "Y/A": "3.9",
        "Y/G": "35.5",
        "A/G": "9.0",
        "Tgt": "37",
        "Rec": "29",
        "Y/R": "5.7",
        "R/G": "2.6",
        "Ctch%": "78.4",
        "Y/Tgt": "4.4",
        "Touch": "128",
        "Y/Tch": "4.3",
        "YScm": "555",
        "RRTD": "2",
        "Fmb": "1",
        "Awards": ""
    },
    "Christian Kirk": {
        "Rk": "4",
        "Age": "28",
        "Pos": "WR",
        "G": "8",
        "GS": "7",
        "Att": "0",
        "Yds": "0",
        "TD": "0",
        "1D": "0",
        "Succ%": "",
        "Lng": "",
        "Y/A": "",
        "Y/G": "0.0",
        "A/G": "0.0",
        "Tgt": "47",
        "Rec": "27",
        "Y/R": "14.0",
        "R/G": "3.4",
        "Ctch%": "57.4",
        "Y/Tgt": "8.1",
        "Touch": "27",
        "Y/Tch": "14.0",
        "YScm": "379",
        "RRTD": "1",
        "Fmb": "0",
        "Awards": ""
    },
    "Evan Engram": {
        "Rk": "5",
        "Age": "30",
        "Pos": "TE",
        "G": "9",
        "GS": "9",
        "Att": "0",
        "Yds": "0",
        "TD": "0",
        "1D": "0",
        "Succ%": "",
        "Lng": "",
        "Y/A": "",
        "Y/G": "0.0",
        "A/G": "0.0",
        "Tgt": "64",
        "Rec": "47",
        "Y/R": "7.8",
        "R/G": "5.2",
        "Ctch%": "73.4",
        "Y/Tgt": "5.7",
        "Touch": "47",
        "Y/Tch": "7.8",
        "YScm": "365",
        "RRTD": "1",
        "Fmb": "1",
        "Awards": ""
    },
    "Brenton Strange": {
        "Rk": "6",
        "Age": "24",
        "Pos": "TE",
        "G": "13",
        "GS": "6",
        "Att": "0",
        "Yds": "0",
        "TD": "0",
        "1D": "0",
        "Succ%": "",
        "Lng": "",
        "Y/A": "",
        "Y/G": "0.0",
        "A/G": "0.0",
        "Tgt": "32",
        "Rec": "23",
        "Y/R": "11.1",
        "R/G": "1.8",
        "Ctch%": "71.9",
        "Y/Tgt": "8.0",
        "Touch": "23",
        "Y/Tch": "11.1",
        "YScm": "256",
        "RRTD": "2",
        "Fmb": "0",
        "Awards": ""
    },
    "Gabriel Davis": {
        "Rk": "7",
        "Age": "25",
        "Pos": "WR",
        "G": "10",
        "GS": "9",
        "Att": "0",
        "Yds": "0",
        "TD": "0",
        "1D": "0",
        "Succ%": "",
        "Lng": "",
        "Y/A": "",
        "Y/G": "0.0",
        "A/G": "0.0",
        "Tgt": "42",
        "Rec": "20",
        "Y/R": "12.0",
        "R/G": "2.0",
        "Ctch%": "47.6",
        "Y/Tgt": "5.7",
        "Touch": "20",
        "Y/Tch": "12.0",
        "YScm": "239",
        "RRTD": "2",
        "Fmb": "1",
        "Awards": ""
    },
    "Parker Washington": {
        "Rk": "8",
        "Age": "22",
        "Pos": "WR",
        "G": "13",
        "GS": "3",
        "Att": "0",
        "Yds": "0",
        "TD": "0",
        "1D": "0",
        "Succ%": "",
        "Lng": "",
        "Y/A": "",
        "Y/G": "0.0",
        "A/G": "0.0",
        "Tgt": "32",
        "Rec": "18",
        "Y/R": "13.1",
        "R/G": "1.4",
        "Ctch%": "56.3",
        "Y/Tgt": "7.4",
        "Touch": "18",
        "Y/Tch": "13.1",
        "YScm": "236",
        "RRTD": "1",
        "Fmb": "1",
        "Awards": ""
    },
    "D'Ernest Johnson": {
        "Rk": "9",
        "Age": "28",
        "Pos": "RB",
        "G": "11",
        "GS": "1",
        "Att": "30",
        "Yds": "117",
        "TD": "0",
        "1D": "6",
        "Succ%": "46.7",
        "Lng": "13",
        "Y/A": "3.9",
        "Y/G": "10.6",
        "A/G": "2.7",
        "Tgt": "13",
        "Rec": "8",
        "Y/R": "9.6",
        "R/G": "0.7",
        "Ctch%": "61.5",
        "Y/Tgt": "5.9",
        "Touch": "38",
        "Y/Tch": "5.1",
        "YScm": "194",
        "RRTD": "0",
        "Fmb": "0",
        "Awards": ""
    },
    "Trevor Lawrence": {
        "Rk": "10",
        "Age": "25",
        "Pos": "QB",
        "G": "10",
        "GS": "10",
        "Att": "26",
        "Yds": "119",
        "TD": "3",
        "1D": "13",
        "Succ%": "57.7",
        "Lng": "33",
        "Y/A": "4.6",
        "Y/G": "11.9",
        "A/G": "2.6",
        "Tgt": "0",
        "Rec": "0",
        "Y/R": "",
        "R/G": "0.0",
        "Ctch%": "",
        "Y/Tgt": "",
        "Touch": "26",
        "Y/Tch": "4.4",
        "YScm": "114",
        "RRTD": "3",
        "Fmb": "3",
        "Awards": ""
    },
    "Luke Farrell": {
        "Rk": "11",
        "Age": "27",
        "Pos": "TE",
        "G": "13",
        "GS": "5",
        "Att": "0",
        "Yds": "0",
        "TD": "0",
        "1D": "0",
        "Succ%": "",
        "Lng": "",
        "Y/A": "",
        "Y/G": "0.0",
        "A/G": "0.0",
        "Tgt": "13",
        "Rec": "9",
        "Y/R": "6.1",
        "R/G": "0.7",
        "Ctch%": "69.2",
        "Y/Tgt": "4.2",
        "Touch": "9",
        "Y/Tch": "6.1",
        "YScm": "55",
        "RRTD": "0",
        "Fmb": "0",
        "Awards": ""
    },
    "Austin Trammell": {
        "Rk": "12",
        "Age": "26",
        "Pos": "WR",
        "G": "1",
        "GS": "0",
        "Att": "0",
        "Yds": "0",
        "TD": "0",
        "1D": "0",
        "Succ%": "",
        "Lng": "",
        "Y/A": "",
        "Y/G": "0.0",
        "A/G": "0.0",
        "Tgt": "3",
        "Rec": "2",
        "Y/R": "20.0",
        "R/G": "2.0",
        "Ctch%": "66.7",
        "Y/Tgt": "13.3",
        "Touch": "2",
        "Y/Tch": "20.0",
        "YScm": "40",
        "RRTD": "0",
        "Fmb": "1",
        "Awards": ""
    },
    "Devin Duvernay": {
        "Rk": "13",
        "Age": "27",
        "Pos": "WR",
        "G": "9",
        "GS": "1",
        "Att": "4",
        "Yds": "3",
        "TD": "0",
        "1D": "1",
        "Succ%": "50.0",
        "Lng": "4",
        "Y/A": "0.8",
        "Y/G": "0.3",
        "A/G": "0.4",
        "Tgt": "10",
        "Rec": "6",
        "Y/R": "5.0",
        "R/G": "0.7",
        "Ctch%": "60.0",
        "Y/Tgt": "3.0",
        "Touch": "10",
        "Y/Tch": "3.3",
        "YScm": "33",
        "RRTD": "0",
        "Fmb": "0",
        "Awards": ""
    },
    "Tim Jones": {
        "Rk": "14",
        "Age": "26",
        "Pos": "WR",
        "G": "13",
        "GS": "0",
        "Att": "0",
        "Yds": "0",
        "TD": "0",
        "1D": "0",
        "Succ%": "",
        "Lng": "",
        "Y/A": "",
        "Y/G": "0.0",
        "A/G": "0.0",
        "Tgt": "4",
        "Rec": "2",
        "Y/R": "15.0",
        "R/G": "0.2",
        "Ctch%": "50.0",
        "Y/Tgt": "7.5",
        "Touch": "2",
        "Y/Tch": "15.0",
        "YScm": "30",
        "RRTD": "0",
        "Fmb": "0",
        "Awards": ""
    },
    "Mac Jones": {
        "Rk": "15",
        "Age": "26",
        "Pos": "QB",
        "G": "6",
        "GS": "3",
        "Att": "13",
        "Yds": "24",
        "TD": "1",
        "1D": "3",
        "Succ%": "23.1",
        "Lng": "5",
        "Y/A": "1.8",
        "Y/G": "4.0",
        "A/G": "2.2",
        "Tgt": "0",
        "Rec": "0",
        "Y/R": "",
        "R/G": "0.0",
        "Ctch%": "",
        "Y/Tgt": "",
        "Touch": "13",
        "Y/Tch": "1.8",
        "YScm": "24",
        "RRTD": "1",
        "Fmb": "2",
        "Awards": ""
    },
    "Josiah Deguara": {
        "Rk": "16",
        "Age": "27",
        "Pos": "TE",
        "G": "11",
        "GS": "0",
        "Att": "0",
        "Yds": "0",
        "TD": "0",
        "1D": "0",
        "Succ%": "",
        "Lng": "",
        "Y/A": "",
        "Y/G": "0.0",
        "A/G": "0.0",
        "Tgt": "2",
        "Rec": "2",
        "Y/R": "5.0",
        "R/G": "0.2",
        "Ctch%": "100.0",
        "Y/Tgt": "5.0",
        "Touch": "2",
        "Y/Tch": "5.0",
        "YScm": "10",
        "RRTD": "0",
        "Fmb": "0",
        "Awards": ""
    }
}