{
    "Breece Hall": {
        "Rk": "1",
        "Age": "23",
        "Pos": "RB",
        "G": "12",
        "GS": "12",
        "Att": "164",
        "Yds": "692",
        "TD": "4",
        "1D": "28",
        "Succ%": "46.3",
        "Lng": "42",
        "Y/A": "4.2",
        "Y/G": "57.7",
        "A/G": "13.7",
        "Tgt": "62",
        "Rec": "46",
        "Y/R": "8.7",
        "R/G": "3.8",
        "Ctch%": "74.2",
        "Y/Tgt": "6.5",
        "Touch": "210",
        "Y/Tch": "5.2",
        "YScm": "1093",
        "RRTD": "6",
        "Fmb": "6",
        "Awards": ""
    },
    "Garrett Wilson": {
        "Rk": "2",
        "Age": "24",
        "Pos": "WR",
        "G": "13",
        "GS": "13",
        "Att": "1",
        "Yds": "5",
        "TD": "0",
        "1D": "1",
        "Succ%": "100.0",
        "Lng": "5",
        "Y/A": "5.0",
        "Y/G": "0.4",
        "A/G": "0.1",
        "Tgt": "128",
        "Rec": "81",
        "Y/R": "10.8",
        "R/G": "6.2",
        "Ctch%": "63.3",
        "Y/Tgt": "6.9",
        "Touch": "82",
        "Y/Tch": "10.8",
        "YScm": "882",
        "RRTD": "5",
        "Fmb": "1",
        "Awards": ""
    },
    "Davante Adams": {
        "Rk": "3",
        "Age": "32",
        "Pos": "WR",
        "G": "7",
        "GS": "7",
        "Att": "0",
        "Yds": "0",
        "TD": "0",
        "1D": "0",
        "Succ%": "",
        "Lng": "",
        "Y/A": "",
        "Y/G": "0.0",
        "A/G": "0.0",
        "Tgt": "69",
        "Rec": "40",
        "Y/R": "11.3",
        "R/G": "5.7",
        "Ctch%": "58.0",
        "Y/Tgt": "6.6",
        "Touch": "40",
        "Y/Tch": "11.3",
        "YScm": "453",
        "RRTD": "3",
        "Fmb": "0",
        "Awards": ""
    },
    "Allen Lazard": {
        "Rk": "4",
        "Age": "29",
        "Pos": "WR",
        "G": "8",
        "GS": "8",
        "Att": "0",
        "Yds": "0",
        "TD": "0",
        "1D": "0",
        "Succ%": "",
        "Lng": "",
        "Y/A": "",
        "Y/G": "0.0",
        "A/G": "0.0",
        "Tgt": "45",
        "Rec": "31",
        "Y/R": "13.9",
        "R/G": "3.9",
        "Ctch%": "68.9",
        "Y/Tgt": "9.6",
        "Touch": "31",
        "Y/Tch": "13.9",
        "YScm": "430",
        "RRTD": "5",
        "Fmb": "0",
        "Awards": ""
    },
    "Braelon Allen": {
        "Rk": "5",
        "Age": "20",
        "Pos": "RB",
        "G": "13",
        "GS": "2",
        "Att": "78",
        "Yds": "283",
        "TD": "2",
        "1D": "18",
        "Succ%": "51.3",
        "Lng": "20",
        "Y/A": "3.6",
        "Y/G": "21.8",
        "A/G": "6.0",
        "Tgt": "23",
        "Rec": "16",
        "Y/R": "8.4",
        "R/G": "1.2",
        "Ctch%": "69.6",
        "Y/Tgt": "5.9",
        "Touch": "94",
        "Y/Tch": "4.4",
        "YScm": "418",
        "RRTD": "3",
        "Fmb": "0",
        "Awards": ""
    },
    "Tyler Conklin": {
        "Rk": "6",
        "Age": "29",
        "Pos": "TE",
        "G": "13",
        "GS": "13",
        "Att": "1",
        "Yds": "0",
        "TD": "0",
        "1D": "0",
        "Succ%": "0.0",
        "Lng": "",
        "Y/A": "0.0",
        "Y/G": "0.0",
        "A/G": "0.1",
        "Tgt": "54",
        "Rec": "36",
        "Y/R": "8.8",
        "R/G": "2.8",
        "Ctch%": "66.7",
        "Y/Tgt": "5.9",
        "Touch": "37",
        "Y/Tch": "8.6",
        "YScm": "317",
        "RRTD": "2",
        "Fmb": "0",
        "Awards": ""
    },
    "Mike Williams": {
        "Rk": "7",
        "Age": "30",
        "Pos": "WR",
        "G": "9",
        "GS": "3",
        "Att": "0",
        "Yds": "0",
        "TD": "0",
        "1D": "0",
        "Succ%": "",
        "Lng": "",
        "Y/A": "",
        "Y/G": "0.0",
        "A/G": "0.0",
        "Tgt": "21",
        "Rec": "12",
        "Y/R": "13.8",
        "R/G": "1.3",
        "Ctch%": "57.1",
        "Y/Tgt": "7.9",
        "Touch": "12",
        "Y/Tch": "13.8",
        "YScm": "166",
        "RRTD": "0",
        "Fmb": "0",
        "Awards": ""
    },
    "Isaiah Davis": {
        "Rk": "8",
        "Age": "22",
        "Pos": "RB",
        "G": "13",
        "GS": "0",
        "Att": "15",
        "Yds": "62",
        "TD": "1",
        "1D": "4",
        "Succ%": "53.3",
        "Lng": "17",
        "Y/A": "4.1",
        "Y/G": "4.8",
        "A/G": "1.2",
        "Tgt": "10",
        "Rec": "7",
        "Y/R": "9.3",
        "R/G": "0.5",
        "Ctch%": "70.0",
        "Y/Tgt": "6.5",
        "Touch": "22",
        "Y/Tch": "5.8",
        "YScm": "127",
        "RRTD": "2",
        "Fmb": "0",
        "Awards": ""
    },
    "Jeremy Ruckert": {
        "Rk": "9",
        "Age": "24",
        "Pos": "TE",
        "G": "13",
        "GS": "6",
        "Att": "0",
        "Yds": "0",
        "TD": "0",
        "1D": "0",
        "Succ%": "",
        "Lng": "",
        "Y/A": "",
        "Y/G": "0.0",
        "A/G": "0.0",
        "Tgt": "21",
        "Rec": "14",
        "Y/R": "5.4",
        "R/G": "1.1",
        "Ctch%": "66.7",
        "Y/Tgt": "3.6",
        "Touch": "14",
        "Y/Tch": "5.4",
        "YScm": "76",
        "RRTD": "0",
        "Fmb": "0",
        "Awards": ""
    },
    "Aaron Rodgers": {
        "Rk": "10",
        "Age": "41",
        "Pos": "QB",
        "G": "13",
        "GS": "13",
        "Att": "15",
        "Yds": "56",
        "TD": "0",
        "1D": "4",
        "Succ%": "33.3",
        "Lng": "14",
        "Y/A": "3.7",
        "Y/G": "4.3",
        "A/G": "1.2",
        "Tgt": "0",
        "Rec": "0",
        "Y/R": "",
        "R/G": "0.0",
        "Ctch%": "",
        "Y/Tgt": "",
        "Touch": "15",
        "Y/Tch": "3.7",
        "YScm": "56",
        "RRTD": "0",
        "Fmb": "4",
        "Awards": ""
    },
    "Malachi Corley": {
        "Rk": "11",
        "Age": "22",
        "Pos": "WR",
        "G": "8",
        "GS": "1",
        "Att": "2",
        "Yds": "26",
        "TD": "0",
        "1D": "1",
        "Succ%": "100.0",
        "Lng": "18",
        "Y/A": "13.0",
        "Y/G": "3.3",
        "A/G": "0.3",
        "Tgt": "6",
        "Rec": "3",
        "Y/R": "5.3",
        "R/G": "0.4",
        "Ctch%": "50.0",
        "Y/Tgt": "2.7",
        "Touch": "5",
        "Y/Tch": "8.4",
        "YScm": "42",
        "RRTD": "0",
        "Fmb": "1",
        "Awards": ""
    },
    "Xavier Gipson": {
        "Rk": "12",
        "Age": "23",
        "Pos": "WR",
        "G": "13",
        "GS": "0",
        "Att": "0",
        "Yds": "0",
        "TD": "0",
        "1D": "0",
        "Succ%": "",
        "Lng": "",
        "Y/A": "",
        "Y/G": "0.0",
        "A/G": "0.0",
        "Tgt": "10",
        "Rec": "6",
        "Y/R": "6.5",
        "R/G": "0.5",
        "Ctch%": "60.0",
        "Y/Tgt": "3.9",
        "Touch": "6",
        "Y/Tch": "6.5",
        "YScm": "39",
        "RRTD": "1",
        "Fmb": "2",
        "Awards": ""
    },
    "Kenny Yeboah": {
        "Rk": "13",
        "Age": "26",
        "Pos": "TE",
        "G": "5",
        "GS": "0",
        "Att": "0",
        "Yds": "0",
        "TD": "0",
        "1D": "0",
        "Succ%": "",
        "Lng": "",
        "Y/A": "",
        "Y/G": "0.0",
        "A/G": "0.0",
        "Tgt": "3",
        "Rec": "3",
        "Y/R": "9.0",
        "R/G": "0.6",
        "Ctch%": "100.0",
        "Y/Tgt": "9.0",
        "Touch": "3",
        "Y/Tch": "9.0",
        "YScm": "27",
        "RRTD": "1",
        "Fmb": "0",
        "Awards": ""
    },
    "Tyrod Taylor": {
        "Rk": "14",
        "Age": "35",
        "Pos": "QB",
        "G": "1",
        "GS": "0",
        "Att": "1",
        "Yds": "7",
        "TD": "0",
        "1D": "0",
        "Succ%": "100.0",
        "Lng": "7",
        "Y/A": "7.0",
        "Y/G": "7.0",
        "A/G": "1.0",
        "Tgt": "0",
        "Rec": "0",
        "Y/R": "",
        "R/G": "0.0",
        "Ctch%": "",
        "Y/Tgt": "",
        "Touch": "1",
        "Y/Tch": "7.0",
        "YScm": "7",
        "RRTD": "0",
        "Fmb": "0",
        "Awards": ""
    },
    "Irvin Charles": {
        "Rk": "15",
        "Age": "27",
        "Pos": "WR",
        "G": "13",
        "GS": "0",
        "Att": "0",
        "Yds": "0",
        "TD": "0",
        "1D": "0",
        "Succ%": "",
        "Lng": "",
        "Y/A": "",
        "Y/G": "0.0",
        "A/G": "0.0",
        "Tgt": "1",
        "Rec": "0",
        "Y/R": "",
        "R/G": "0.0",
        "Ctch%": "0.0",
        "Y/Tgt": "0.0",
        "Touch": "0",
        "Y/Tch": "",
        "YScm": "0",
        "RRTD": "0",
        "Fmb": "0",
        "Awards": ""
    }
}