{
    "Rhamondre Stevenson": {
        "Rk": "1",
        "Age": "26",
        "Pos": "RB",
        "G": "12",
        "GS": "11",
        "Att": "180",
        "Yds": "671",
        "TD": "6",
        "1D": "32",
        "Succ%": "48.3",
        "Lng": "33",
        "Y/A": "3.7",
        "Y/G": "55.9",
        "A/G": "15.0",
        "Tgt": "38",
        "Rec": "31",
        "Y/R": "4.5",
        "R/G": "2.6",
        "Ctch%": "81.6",
        "Y/Tgt": "3.7",
        "Touch": "211",
        "Y/Tch": "3.8",
        "YScm": "810",
        "RRTD": "7",
        "Fmb": "6",
        "Awards": ""
    },
    "Hunter Henry": {
        "Rk": "2",
        "Age": "30",
        "Pos": "TE",
        "G": "13",
        "GS": "13",
        "Att": "0",
        "Yds": "0",
        "TD": "0",
        "1D": "0",
        "Succ%": "",
        "Lng": "",
        "Y/A": "",
        "Y/G": "0.0",
        "A/G": "0.0",
        "Tgt": "83",
        "Rec": "58",
        "Y/R": "10.5",
        "R/G": "4.5",
        "Ctch%": "69.9",
        "Y/Tgt": "7.3",
        "Touch": "58",
        "Y/Tch": "10.5",
        "YScm": "610",
        "RRTD": "1",
        "Fmb": "0",
        "Awards": ""
    },
    "Antonio Gibson": {
        "Rk": "3",
        "Age": "26",
        "Pos": "RB",
        "G": "13",
        "GS": "2",
        "Att": "79",
        "Yds": "373",
        "TD": "1",
        "1D": "18",
        "Succ%": "46.8",
        "Lng": "45",
        "Y/A": "4.7",
        "Y/G": "28.7",
        "A/G": "6.1",
        "Tgt": "18",
        "Rec": "15",
        "Y/R": "9.8",
        "R/G": "1.2",
        "Ctch%": "83.3",
        "Y/Tgt": "8.2",
        "Touch": "94",
        "Y/Tch": "5.5",
        "YScm": "520",
        "RRTD": "1",
        "Fmb": "1",
        "Awards": ""
    },
    "Demario Douglas": {
        "Rk": "4",
        "Age": "24",
        "Pos": "WR",
        "G": "13",
        "GS": "5",
        "Att": "2",
        "Yds": "10",
        "TD": "0",
        "1D": "0",
        "Succ%": "50.0",
        "Lng": "9",
        "Y/A": "5.0",
        "Y/G": "0.8",
        "A/G": "0.2",
        "Tgt": "70",
        "Rec": "52",
        "Y/R": "9.6",
        "R/G": "4.0",
        "Ctch%": "74.3",
        "Y/Tgt": "7.1",
        "Touch": "54",
        "Y/Tch": "9.4",
        "YScm": "507",
        "RRTD": "1",
        "Fmb": "0",
        "Awards": ""
    },
    "Drake Maye": {
        "Rk": "5",
        "Age": "22",
        "Pos": "QB",
        "G": "9",
        "GS": "8",
        "Att": "38",
        "Yds": "345",
        "TD": "1",
        "1D": "17",
        "Succ%": "68.4",
        "Lng": "41",
        "Y/A": "9.1",
        "Y/G": "38.3",
        "A/G": "4.2",
        "Tgt": "0",
        "Rec": "0",
        "Y/R": "",
        "R/G": "0.0",
        "Ctch%": "",
        "Y/Tgt": "",
        "Touch": "38",
        "Y/Tch": "9.1",
        "YScm": "345",
        "RRTD": "1",
        "Fmb": "5",
        "Awards": ""
    },
    "Austin Hooper": {
        "Rk": "6",
        "Age": "30",
        "Pos": "TE",
        "G": "13",
        "GS": "6",
        "Att": "0",
        "Yds": "0",
        "TD": "0",
        "1D": "0",
        "Succ%": "",
        "Lng": "",
        "Y/A": "",
        "Y/G": "0.0",
        "A/G": "0.0",
        "Tgt": "42",
        "Rec": "31",
        "Y/R": "10.9",
        "R/G": "2.4",
        "Ctch%": "73.8",
        "Y/Tgt": "8.0",
        "Touch": "31",
        "Y/Tch": "10.9",
        "YScm": "337",
        "RRTD": "3",
        "Fmb": "2",
        "Awards": ""
    },
    "Kayshon Boutte": {
        "Rk": "7",
        "Age": "22",
        "Pos": "WR",
        "G": "11",
        "GS": "9",
        "Att": "0",
        "Yds": "0",
        "TD": "0",
        "1D": "0",
        "Succ%": "",
        "Lng": "",
        "Y/A": "",
        "Y/G": "0.0",
        "A/G": "0.0",
        "Tgt": "44",
        "Rec": "25",
        "Y/R": "13.2",
        "R/G": "2.3",
        "Ctch%": "56.8",
        "Y/Tgt": "7.5",
        "Touch": "25",
        "Y/Tch": "13.2",
        "YScm": "330",
        "RRTD": "1",
        "Fmb": "0",
        "Awards": ""
    },
    "Kendrick Bourne": {
        "Rk": "8",
        "Age": "29",
        "Pos": "WR",
        "G": "8",
        "GS": "6",
        "Att": "1",
        "Yds": "6",
        "TD": "0",
        "1D": "1",
        "Succ%": "100.0",
        "Lng": "6",
        "Y/A": "6.0",
        "Y/G": "0.8",
        "A/G": "0.1",
        "Tgt": "27",
        "Rec": "19",
        "Y/R": "11.0",
        "R/G": "2.4",
        "Ctch%": "70.4",
        "Y/Tgt": "7.7",
        "Touch": "20",
        "Y/Tch": "10.8",
        "YScm": "215",
        "RRTD": "1",
        "Fmb": "0",
        "Awards": ""
    },
    "Jamycal Hasty": {
        "Rk": "9",
        "Age": "28",
        "Pos": "RB",
        "G": "13",
        "GS": "0",
        "Att": "20",
        "Yds": "69",
        "TD": "0",
        "1D": "4",
        "Succ%": "45.0",
        "Lng": "15",
        "Y/A": "3.5",
        "Y/G": "5.3",
        "A/G": "1.5",
        "Tgt": "12",
        "Rec": "10",
        "Y/R": "5.9",
        "R/G": "0.8",
        "Ctch%": "83.3",
        "Y/Tgt": "4.9",
        "Touch": "30",
        "Y/Tch": "4.3",
        "YScm": "128",
        "RRTD": "1",
        "Fmb": "0",
        "Awards": ""
    },
    "Ja'Lynn Polk": {
        "Rk": "10",
        "Age": "22",
        "Pos": "WR",
        "G": "12",
        "GS": "6",
        "Att": "1",
        "Yds": "0",
        "TD": "0",
        "1D": "0",
        "Succ%": "0.0",
        "Lng": "",
        "Y/A": "0.0",
        "Y/G": "0.0",
        "A/G": "0.1",
        "Tgt": "31",
        "Rec": "12",
        "Y/R": "7.3",
        "R/G": "1.0",
        "Ctch%": "38.7",
        "Y/Tgt": "2.8",
        "Touch": "13",
        "Y/Tch": "6.7",
        "YScm": "87",
        "RRTD": "2",
        "Fmb": "0",
        "Awards": ""
    },
    "Jacoby Brissett": {
        "Rk": "11",
        "Age": "32",
        "Pos": "QB",
        "G": "7",
        "GS": "5",
        "Att": "15",
        "Yds": "62",
        "TD": "0",
        "1D": "5",
        "Succ%": "53.3",
        "Lng": "16",
        "Y/A": "4.1",
        "Y/G": "8.9",
        "A/G": "2.1",
        "Tgt": "0",
        "Rec": "0",
        "Y/R": "",
        "R/G": "0.0",
        "Ctch%": "",
        "Y/Tgt": "",
        "Touch": "15",
        "Y/Tch": "4.1",
        "YScm": "62",
        "RRTD": "0",
        "Fmb": "4",
        "Awards": ""
    },
    "K.J. Osborn": {
        "Rk": "12",
        "Age": "27",
        "Pos": "WR",
        "G": "7",
        "GS": "4",
        "Att": "0",
        "Yds": "0",
        "TD": "0",
        "1D": "0",
        "Succ%": "",
        "Lng": "",
        "Y/A": "",
        "Y/G": "0.0",
        "A/G": "0.0",
        "Tgt": "18",
        "Rec": "7",
        "Y/R": "8.1",
        "R/G": "1.0",
        "Ctch%": "38.9",
        "Y/Tgt": "3.2",
        "Touch": "7",
        "Y/Tch": "8.1",
        "YScm": "57",
        "RRTD": "1",
        "Fmb": "0",
        "Awards": ""
    },
    "Tyquan Thornton": {
        "Rk": "13",
        "Age": "24",
        "Pos": "WR",
        "G": "6",
        "GS": "1",
        "Att": "0",
        "Yds": "0",
        "TD": "0",
        "1D": "0",
        "Succ%": "",
        "Lng": "",
        "Y/A": "",
        "Y/G": "0.0",
        "A/G": "0.0",
        "Tgt": "8",
        "Rec": "4",
        "Y/R": "11.8",
        "R/G": "0.7",
        "Ctch%": "50.0",
        "Y/Tgt": "5.9",
        "Touch": "4",
        "Y/Tch": "11.8",
        "YScm": "47",
        "RRTD": "0",
        "Fmb": "0",
        "Awards": ""
    },
    "Terrell Jennings": {
        "Rk": "14",
        "Age": "23",
        "Pos": "RB",
        "G": "1",
        "GS": "0",
        "Att": "5",
        "Yds": "13",
        "TD": "0",
        "1D": "0",
        "Succ%": "20.0",
        "Lng": "5",
        "Y/A": "2.6",
        "Y/G": "13.0",
        "A/G": "5.0",
        "Tgt": "0",
        "Rec": "0",
        "Y/R": "",
        "R/G": "0.0",
        "Ctch%": "",
        "Y/Tgt": "",
        "Touch": "5",
        "Y/Tch": "2.6",
        "YScm": "13",
        "RRTD": "0",
        "Fmb": "0",
        "Awards": ""
    },
    "Marcus Jones": {
        "Rk": "15",
        "Age": "26",
        "Pos": "CB",
        "G": "13",
        "GS": "9",
        "Att": "1",
        "Yds": "5",
        "TD": "0",
        "1D": "0",
        "Succ%": "100.0",
        "Lng": "5",
        "Y/A": "5.0",
        "Y/G": "0.4",
        "A/G": "0.1",
        "Tgt": "0",
        "Rec": "0",
        "Y/R": "",
        "R/G": "0.0",
        "Ctch%": "",
        "Y/Tgt": "",
        "Touch": "1",
        "Y/Tch": "5.0",
        "YScm": "5",
        "RRTD": "0",
        "Fmb": "2",
        "Awards": ""
    },
    "Vederian Lowe": {
        "Rk": "16",
        "Age": "25",
        "Pos": "T",
        "G": "10",
        "GS": "9",
        "Att": "0",
        "Yds": "0",
        "TD": "0",
        "1D": "0",
        "Succ%": "",
        "Lng": "",
        "Y/A": "",
        "Y/G": "0.0",
        "A/G": "0.0",
        "Tgt": "1",
        "Rec": "1",
        "Y/R": "4.0",
        "R/G": "0.1",
        "Ctch%": "100.0",
        "Y/Tgt": "4.0",
        "Touch": "1",
        "Y/Tch": "4.0",
        "YScm": "4",
        "RRTD": "1",
        "Fmb": "0",
        "Awards": ""
    },
    "Jaheim Bell": {
        "Rk": "17",
        "Age": "23",
        "Pos": "TE",
        "G": "11",
        "GS": "0",
        "Att": "0",
        "Yds": "0",
        "TD": "0",
        "1D": "0",
        "Succ%": "",
        "Lng": "",
        "Y/A": "",
        "Y/G": "0.0",
        "A/G": "0.0",
        "Tgt": "2",
        "Rec": "1",
        "Y/R": "1.0",
        "R/G": "0.1",
        "Ctch%": "50.0",
        "Y/Tgt": "0.5",
        "Touch": "1",
        "Y/Tch": "1.0",
        "YScm": "1",
        "RRTD": "0",
        "Fmb": "0",
        "Awards": ""
    },
    "Javon Baker": {
        "Rk": "18",
        "Age": "22",
        "Pos": "WR",
        "G": "8",
        "GS": "1",
        "Att": "0",
        "Yds": "0",
        "TD": "0",
        "1D": "0",
        "Succ%": "",
        "Lng": "",
        "Y/A": "",
        "Y/G": "0.0",
        "A/G": "0.0",
        "Tgt": "1",
        "Rec": "0",
        "Y/R": "",
        "R/G": "0.0",
        "Ctch%": "0.0",
        "Y/Tgt": "0.0",
        "Touch": "0",
        "Y/Tch": "",
        "YScm": "0",
        "RRTD": "0",
        "Fmb": "0",
        "Awards": ""
    }
}