{
    "Derrick Henry": {
        "Rk": "1",
        "Age": "30",
        "Pos": "RB",
        "G": "13",
        "GS": "13",
        "Att": "240",
        "Yds": "1407",
        "TD": "13",
        "1D": "65",
        "Succ%": "57.1",
        "Lng": "87",
        "Y/A": "5.9",
        "Y/G": "108.2",
        "A/G": "18.5",
        "Tgt": "15",
        "Rec": "13",
        "Y/R": "9.6",
        "R/G": "1.0",
        "Ctch%": "86.7",
        "Y/Tgt": "8.3",
        "Touch": "253",
        "Y/Tch": "6.1",
        "YScm": "1532",
        "RRTD": "15",
        "Fmb": "3",
        "Awards": ""
    },
    "Zay Flowers": {
        "Rk": "2",
        "Age": "24",
        "Pos": "WR",
        "G": "13",
        "GS": "11",
        "Att": "7",
        "Yds": "44",
        "TD": "0",
        "1D": "1",
        "Succ%": "57.1",
        "Lng": "19",
        "Y/A": "6.3",
        "Y/G": "3.4",
        "A/G": "0.5",
        "Tgt": "94",
        "Rec": "60",
        "Y/R": "14.4",
        "R/G": "4.6",
        "Ctch%": "63.8",
        "Y/Tgt": "9.2",
        "Touch": "67",
        "Y/Tch": "13.5",
        "YScm": "907",
        "RRTD": "4",
        "Fmb": "0",
        "Awards": ""
    },
    "Lamar Jackson": {
        "Rk": "3",
        "Age": "27",
        "Pos": "QB",
        "G": "13",
        "GS": "13",
        "Att": "111",
        "Yds": "678",
        "TD": "3",
        "1D": "36",
        "Succ%": "54.1",
        "Lng": "39",
        "Y/A": "6.1",
        "Y/G": "52.2",
        "A/G": "8.5",
        "Tgt": "0",
        "Rec": "0",
        "Y/R": "",
        "R/G": "0.0",
        "Ctch%": "",
        "Y/Tgt": "",
        "Touch": "111",
        "Y/Tch": "6.1",
        "YScm": "678",
        "RRTD": "3",
        "Fmb": "8",
        "Awards": ""
    },
    "Rashod Bateman": {
        "Rk": "4",
        "Age": "25",
        "Pos": "WR",
        "G": "13",
        "GS": "10",
        "Att": "0",
        "Yds": "0",
        "TD": "0",
        "1D": "0",
        "Succ%": "",
        "Lng": "",
        "Y/A": "",
        "Y/G": "0.0",
        "A/G": "0.0",
        "Tgt": "55",
        "Rec": "35",
        "Y/R": "16.4",
        "R/G": "2.7",
        "Ctch%": "63.6",
        "Y/Tgt": "10.4",
        "Touch": "35",
        "Y/Tch": "16.4",
        "YScm": "574",
        "RRTD": "5",
        "Fmb": "0",
        "Awards": ""
    },
    "Justice Hill": {
        "Rk": "5",
        "Age": "27",
        "Pos": "RB",
        "G": "13",
        "GS": "0",
        "Att": "43",
        "Yds": "191",
        "TD": "1",
        "1D": "12",
        "Succ%": "41.9",
        "Lng": "51",
        "Y/A": "4.4",
        "Y/G": "14.7",
        "A/G": "3.3",
        "Tgt": "45",
        "Rec": "37",
        "Y/R": "8.7",
        "R/G": "2.8",
        "Ctch%": "82.2",
        "Y/Tgt": "7.2",
        "Touch": "80",
        "Y/Tch": "6.4",
        "YScm": "513",
        "RRTD": "3",
        "Fmb": "0",
        "Awards": ""
    },
    "Mark Andrews": {
        "Rk": "6",
        "Age": "29",
        "Pos": "TE",
        "G": "13",
        "GS": "9",
        "Att": "2",
        "Yds": "4",
        "TD": "0",
        "1D": "2",
        "Succ%": "100.0",
        "Lng": "2",
        "Y/A": "2.0",
        "Y/G": "0.3",
        "A/G": "0.2",
        "Tgt": "51",
        "Rec": "43",
        "Y/R": "11.4",
        "R/G": "3.3",
        "Ctch%": "84.3",
        "Y/Tgt": "9.6",
        "Touch": "45",
        "Y/Tch": "11.0",
        "YScm": "494",
        "RRTD": "7",
        "Fmb": "0",
        "Awards": ""
    },
    "Isaiah Likely": {
        "Rk": "7",
        "Age": "24",
        "Pos": "TE",
        "G": "12",
        "GS": "7",
        "Att": "0",
        "Yds": "0",
        "TD": "0",
        "1D": "0",
        "Succ%": "",
        "Lng": "",
        "Y/A": "",
        "Y/G": "0.0",
        "A/G": "0.0",
        "Tgt": "47",
        "Rec": "33",
        "Y/R": "11.6",
        "R/G": "2.8",
        "Ctch%": "70.2",
        "Y/Tgt": "8.2",
        "Touch": "33",
        "Y/Tch": "11.6",
        "YScm": "384",
        "RRTD": "4",
        "Fmb": "1",
        "Awards": ""
    },
    "Nelson Agholor": {
        "Rk": "8",
        "Age": "31",
        "Pos": "WR",
        "G": "13",
        "GS": "6",
        "Att": "0",
        "Yds": "0",
        "TD": "0",
        "1D": "0",
        "Succ%": "",
        "Lng": "",
        "Y/A": "",
        "Y/G": "0.0",
        "A/G": "0.0",
        "Tgt": "28",
        "Rec": "13",
        "Y/R": "15.8",
        "R/G": "1.0",
        "Ctch%": "46.4",
        "Y/Tgt": "7.3",
        "Touch": "13",
        "Y/Tch": "15.8",
        "YScm": "205",
        "RRTD": "2",
        "Fmb": "0",
        "Awards": ""
    },
    "Tylan Wallace": {
        "Rk": "9",
        "Age": "25",
        "Pos": "WR",
        "G": "13",
        "GS": "0",
        "Att": "0",
        "Yds": "0",
        "TD": "0",
        "1D": "0",
        "Succ%": "",
        "Lng": "",
        "Y/A": "",
        "Y/G": "0.0",
        "A/G": "0.0",
        "Tgt": "9",
        "Rec": "9",
        "Y/R": "20.3",
        "R/G": "0.7",
        "Ctch%": "100.0",
        "Y/Tgt": "20.3",
        "Touch": "9",
        "Y/Tch": "20.3",
        "YScm": "183",
        "RRTD": "1",
        "Fmb": "1",
        "Awards": ""
    },
    "Charlie Kolar": {
        "Rk": "10",
        "Age": "25",
        "Pos": "TE",
        "G": "12",
        "GS": "3",
        "Att": "1",
        "Yds": "2",
        "TD": "0",
        "1D": "1",
        "Succ%": "100.0",
        "Lng": "2",
        "Y/A": "2.0",
        "Y/G": "0.2",
        "A/G": "0.1",
        "Tgt": "11",
        "Rec": "9",
        "Y/R": "14.6",
        "R/G": "0.8",
        "Ctch%": "81.8",
        "Y/Tgt": "11.9",
        "Touch": "10",
        "Y/Tch": "13.3",
        "YScm": "133",
        "RRTD": "1",
        "Fmb": "0",
        "Awards": ""
    },
    "Patrick Ricard": {
        "Rk": "11",
        "Age": "30",
        "Pos": "FB",
        "G": "13",
        "GS": "5",
        "Att": "0",
        "Yds": "0",
        "TD": "0",
        "1D": "0",
        "Succ%": "",
        "Lng": "",
        "Y/A": "",
        "Y/G": "0.0",
        "A/G": "0.0",
        "Tgt": "4",
        "Rec": "2",
        "Y/R": "4.0",
        "R/G": "0.2",
        "Ctch%": "50.0",
        "Y/Tgt": "2.0",
        "Touch": "2",
        "Y/Tch": "4.0",
        "YScm": "8",
        "RRTD": "1",
        "Fmb": "0",
        "Awards": ""
    },
    "Diontae Johnson": {
        "Rk": "12",
        "Age": "28",
        "Pos": "WR",
        "G": "4",
        "GS": "1",
        "Att": "0",
        "Yds": "0",
        "TD": "0",
        "1D": "0",
        "Succ%": "",
        "Lng": "",
        "Y/A": "",
        "Y/G": "0.0",
        "A/G": "0.0",
        "Tgt": "5",
        "Rec": "1",
        "Y/R": "6.0",
        "R/G": "0.3",
        "Ctch%": "20.0",
        "Y/Tgt": "1.2",
        "Touch": "1",
        "Y/Tch": "6.0",
        "YScm": "6",
        "RRTD": "0",
        "Fmb": "0",
        "Awards": ""
    },
    "Josh Johnson": {
        "Rk": "13",
        "Age": "38",
        "Pos": "QB",
        "G": "3",
        "GS": "0",
        "Att": "3",
        "Yds": "2",
        "TD": "0",
        "1D": "0",
        "Succ%": "0.0",
        "Lng": "2",
        "Y/A": "0.7",
        "Y/G": "0.7",
        "A/G": "1.0",
        "Tgt": "0",
        "Rec": "0",
        "Y/R": "",
        "R/G": "0.0",
        "Ctch%": "",
        "Y/Tgt": "",
        "Touch": "3",
        "Y/Tch": "0.7",
        "YScm": "2",
        "RRTD": "0",
        "Fmb": "0",
        "Awards": ""
    }
}