{
    "Najee Harris": {
        "Rk": "1",
        "Age": "26",
        "Pos": "RB",
        "G": "12",
        "GS": "12",
        "Att": "207",
        "Yds": "824",
        "TD": "4",
        "1D": "38",
        "Succ%": "42.5",
        "Lng": "36",
        "Y/A": "4.0",
        "Y/G": "68.7",
        "A/G": "17.3",
        "Tgt": "37",
        "Rec": "29",
        "Y/R": "8.6",
        "R/G": "2.4",
        "Ctch%": "78.4",
        "Y/Tgt": "6.7",
        "Touch": "236",
        "Y/Tch": "4.5",
        "YScm": "1073",
        "RRTD": "4",
        "Fmb": "0",
        "Awards": ""
    },
    "George Pickens": {
        "Rk": "2",
        "Age": "23",
        "Pos": "WR",
        "G": "12",
        "GS": "10",
        "Att": "2",
        "Yds": "-6",
        "TD": "0",
        "1D": "0",
        "Succ%": "50.0",
        "Lng": "4",
        "Y/A": "-3.0",
        "Y/G": "-0.5",
        "A/G": "0.2",
        "Tgt": "90",
        "Rec": "55",
        "Y/R": "15.5",
        "R/G": "4.6",
        "Ctch%": "61.1",
        "Y/Tgt": "9.4",
        "Touch": "57",
        "Y/Tch": "14.8",
        "YScm": "844",
        "RRTD": "3",
        "Fmb": "1",
        "Awards": ""
    },
    "Jaylen Warren": {
        "Rk": "3",
        "Age": "26",
        "Pos": "RB",
        "G": "10",
        "GS": "0",
        "Att": "78",
        "Yds": "312",
        "TD": "1",
        "1D": "18",
        "Succ%": "44.9",
        "Lng": "18",
        "Y/A": "4.0",
        "Y/G": "31.2",
        "A/G": "7.8",
        "Tgt": "28",
        "Rec": "25",
        "Y/R": "7.9",
        "R/G": "2.5",
        "Ctch%": "89.3",
        "Y/Tgt": "7.0",
        "Touch": "103",
        "Y/Tch": "4.9",
        "YScm": "509",
        "RRTD": "1",
        "Fmb": "1",
        "Awards": ""
    },
    "Pat Freiermuth": {
        "Rk": "4",
        "Age": "26",
        "Pos": "TE",
        "G": "12",
        "GS": "7",
        "Att": "0",
        "Yds": "0",
        "TD": "0",
        "1D": "0",
        "Succ%": "",
        "Lng": "",
        "Y/A": "",
        "Y/G": "0.0",
        "A/G": "0.0",
        "Tgt": "47",
        "Rec": "41",
        "Y/R": "10.3",
        "R/G": "3.4",
        "Ctch%": "87.2",
        "Y/Tgt": "9.0",
        "Touch": "41",
        "Y/Tch": "10.3",
        "YScm": "422",
        "RRTD": "4",
        "Fmb": "1",
        "Awards": ""
    },
    "Calvin Austin III": {
        "Rk": "5",
        "Age": "25",
        "Pos": "WR",
        "G": "12",
        "GS": "4",
        "Att": "0",
        "Yds": "0",
        "TD": "0",
        "1D": "0",
        "Succ%": "",
        "Lng": "",
        "Y/A": "",
        "Y/G": "0.0",
        "A/G": "0.0",
        "Tgt": "38",
        "Rec": "22",
        "Y/R": "17.4",
        "R/G": "1.8",
        "Ctch%": "57.9",
        "Y/Tgt": "10.1",
        "Touch": "22",
        "Y/Tch": "17.4",
        "YScm": "383",
        "RRTD": "4",
        "Fmb": "0",
        "Awards": ""
    },
    "Justin Fields": {
        "Rk": "6",
        "Age": "25",
        "Pos": "QB",
        "G": "9",
        "GS": "6",
        "Att": "61",
        "Yds": "281",
        "TD": "5",
        "1D": "19",
        "Succ%": "54.1",
        "Lng": "30",
        "Y/A": "4.6",
        "Y/G": "31.2",
        "A/G": "6.8",
        "Tgt": "0",
        "Rec": "0",
        "Y/R": "",
        "R/G": "0.0",
        "Ctch%": "",
        "Y/Tgt": "",
        "Touch": "61",
        "Y/Tch": "4.6",
        "YScm": "281",
        "RRTD": "5",
        "Fmb": "6",
        "Awards": ""
    },
    "Van Jefferson": {
        "Rk": "7",
        "Age": "28",
        "Pos": "WR",
        "G": "12",
        "GS": "10",
        "Att": "0",
        "Yds": "0",
        "TD": "0",
        "1D": "0",
        "Succ%": "",
        "Lng": "",
        "Y/A": "",
        "Y/G": "0.0",
        "A/G": "0.0",
        "Tgt": "29",
        "Rec": "17",
        "Y/R": "13.0",
        "R/G": "1.4",
        "Ctch%": "58.6",
        "Y/Tgt": "7.6",
        "Touch": "17",
        "Y/Tch": "13.0",
        "YScm": "221",
        "RRTD": "1",
        "Fmb": "0",
        "Awards": ""
    },
    "Darnell Washington": {
        "Rk": "8",
        "Age": "23",
        "Pos": "TE",
        "G": "12",
        "GS": "6",
        "Att": "0",
        "Yds": "0",
        "TD": "0",
        "1D": "0",
        "Succ%": "",
        "Lng": "",
        "Y/A": "",
        "Y/G": "0.0",
        "A/G": "0.0",
        "Tgt": "23",
        "Rec": "18",
        "Y/R": "10.7",
        "R/G": "1.5",
        "Ctch%": "78.3",
        "Y/Tgt": "8.3",
        "Touch": "18",
        "Y/Tch": "10.7",
        "YScm": "192",
        "RRTD": "1",
        "Fmb": "0",
        "Awards": ""
    },
    "Cordarrelle Patterson": {
        "Rk": "9",
        "Age": "33",
        "Pos": "RB",
        "G": "8",
        "GS": "1",
        "Att": "24",
        "Yds": "120",
        "TD": "0",
        "1D": "6",
        "Succ%": "45.8",
        "Lng": "14",
        "Y/A": "5.0",
        "Y/G": "15.0",
        "A/G": "3.0",
        "Tgt": "11",
        "Rec": "9",
        "Y/R": "7.9",
        "R/G": "1.1",
        "Ctch%": "81.8",
        "Y/Tgt": "6.5",
        "Touch": "33",
        "Y/Tch": "5.8",
        "YScm": "191",
        "RRTD": "0",
        "Fmb": "0",
        "Awards": ""
    },
    "MyCole Pruitt": {
        "Rk": "10",
        "Age": "32",
        "Pos": "TE",
        "G": "7",
        "GS": "3",
        "Att": "0",
        "Yds": "0",
        "TD": "0",
        "1D": "0",
        "Succ%": "",
        "Lng": "",
        "Y/A": "",
        "Y/G": "0.0",
        "A/G": "0.0",
        "Tgt": "7",
        "Rec": "4",
        "Y/R": "10.0",
        "R/G": "0.6",
        "Ctch%": "57.1",
        "Y/Tgt": "5.7",
        "Touch": "4",
        "Y/Tch": "10.0",
        "YScm": "40",
        "RRTD": "0",
        "Fmb": "0",
        "Awards": ""
    },
    "Mike Williams": {
        "Rk": "11",
        "Age": "30",
        "Pos": "WR",
        "G": "4",
        "GS": "1",
        "Att": "0",
        "Yds": "0",
        "TD": "0",
        "1D": "0",
        "Succ%": "",
        "Lng": "",
        "Y/A": "",
        "Y/G": "0.0",
        "A/G": "0.0",
        "Tgt": "1",
        "Rec": "1",
        "Y/R": "32.0",
        "R/G": "0.3",
        "Ctch%": "100.0",
        "Y/Tgt": "32.0",
        "Touch": "1",
        "Y/Tch": "32.0",
        "YScm": "32",
        "RRTD": "1",
        "Fmb": "0",
        "Awards": ""
    },
    "Scott Miller": {
        "Rk": "12",
        "Age": "27",
        "Pos": "WR",
        "G": "9",
        "GS": "0",
        "Att": "0",
        "Yds": "0",
        "TD": "0",
        "1D": "0",
        "Succ%": "",
        "Lng": "",
        "Y/A": "",
        "Y/G": "0.0",
        "A/G": "0.0",
        "Tgt": "4",
        "Rec": "2",
        "Y/R": "15.5",
        "R/G": "0.2",
        "Ctch%": "50.0",
        "Y/Tgt": "7.8",
        "Touch": "2",
        "Y/Tch": "15.5",
        "YScm": "31",
        "RRTD": "0",
        "Fmb": "0",
        "Awards": ""
    },
    "Connor Heyward": {
        "Rk": "13",
        "Age": "25",
        "Pos": "TE",
        "G": "12",
        "GS": "4",
        "Att": "0",
        "Yds": "0",
        "TD": "0",
        "1D": "0",
        "Succ%": "",
        "Lng": "",
        "Y/A": "",
        "Y/G": "0.0",
        "A/G": "0.0",
        "Tgt": "6",
        "Rec": "4",
        "Y/R": "7.3",
        "R/G": "0.3",
        "Ctch%": "66.7",
        "Y/Tgt": "4.8",
        "Touch": "4",
        "Y/Tch": "7.3",
        "YScm": "29",
        "RRTD": "1",
        "Fmb": "0",
        "Awards": ""
    },
    "Ben Skowronek": {
        "Rk": "14",
        "Age": "27",
        "Pos": "WR",
        "G": "6",
        "GS": "1",
        "Att": "0",
        "Yds": "0",
        "TD": "0",
        "1D": "0",
        "Succ%": "",
        "Lng": "",
        "Y/A": "",
        "Y/G": "0.0",
        "A/G": "0.0",
        "Tgt": "2",
        "Rec": "2",
        "Y/R": "13.5",
        "R/G": "0.3",
        "Ctch%": "100.0",
        "Y/Tgt": "13.5",
        "Touch": "2",
        "Y/Tch": "13.5",
        "YScm": "27",
        "RRTD": "0",
        "Fmb": "0",
        "Awards": ""
    },
    "Russell Wilson": {
        "Rk": "15",
        "Age": "36",
        "Pos": "QB",
        "G": "6",
        "GS": "6",
        "Att": "20",
        "Yds": "27",
        "TD": "1",
        "1D": "3",
        "Succ%": "20.0",
        "Lng": "10",
        "Y/A": "1.4",
        "Y/G": "4.5",
        "A/G": "3.3",
        "Tgt": "0",
        "Rec": "0",
        "Y/R": "",
        "R/G": "0.0",
        "Ctch%": "",
        "Y/Tgt": "",
        "Touch": "20",
        "Y/Tch": "1.4",
        "YScm": "27",
        "RRTD": "1",
        "Fmb": "2",
        "Awards": ""
    },
    "Jonathan Ward": {
        "Rk": "16",
        "Age": "27",
        "Pos": "RB",
        "G": "4",
        "GS": "0",
        "Att": "5",
        "Yds": "22",
        "TD": "0",
        "1D": "1",
        "Succ%": "60.0",
        "Lng": "7",
        "Y/A": "4.4",
        "Y/G": "5.5",
        "A/G": "1.3",
        "Tgt": "0",
        "Rec": "0",
        "Y/R": "",
        "R/G": "0.0",
        "Ctch%": "",
        "Y/Tgt": "",
        "Touch": "5",
        "Y/Tch": "4.4",
        "YScm": "22",
        "RRTD": "0",
        "Fmb": "0",
        "Awards": ""
    },
    "Aaron Shampklin": {
        "Rk": "17",
        "Age": "25",
        "Pos": "RB",
        "G": "3",
        "GS": "0",
        "Att": "6",
        "Yds": "17",
        "TD": "0",
        "1D": "1",
        "Succ%": "16.7",
        "Lng": "5",
        "Y/A": "2.8",
        "Y/G": "5.7",
        "A/G": "2.0",
        "Tgt": "0",
        "Rec": "0",
        "Y/R": "",
        "R/G": "0.0",
        "Ctch%": "",
        "Y/Tgt": "",
        "Touch": "6",
        "Y/Tch": "2.8",
        "YScm": "17",
        "RRTD": "0",
        "Fmb": "0",
        "Awards": ""
    },
    "Brandon Johnson": {
        "Rk": "18",
        "Age": "26",
        "Pos": "WR",
        "G": "3",
        "GS": "0",
        "Att": "0",
        "Yds": "0",
        "TD": "0",
        "1D": "0",
        "Succ%": "",
        "Lng": "",
        "Y/A": "",
        "Y/G": "0.0",
        "A/G": "0.0",
        "Tgt": "1",
        "Rec": "1",
        "Y/R": "9.0",
        "R/G": "0.3",
        "Ctch%": "100.0",
        "Y/Tgt": "9.0",
        "Touch": "1",
        "Y/Tch": "9.0",
        "YScm": "9",
        "RRTD": "0",
        "Fmb": "0",
        "Awards": ""
    },
    "James Pierre": {
        "Rk": "19",
        "Age": "28",
        "Pos": "CB",
        "G": "10",
        "GS": "0",
        "Att": "0",
        "Yds": "0",
        "TD": "0",
        "1D": "0",
        "Succ%": "",
        "Lng": "",
        "Y/A": "",
        "Y/G": "0.0",
        "A/G": "0.0",
        "Tgt": "1",
        "Rec": "0",
        "Y/R": "",
        "R/G": "0.0",
        "Ctch%": "0.0",
        "Y/Tgt": "0.0",
        "Touch": "0",
        "Y/Tch": "",
        "YScm": "0",
        "RRTD": "0",
        "Fmb": "0",
        "Awards": ""
    },
    "Zach Frazier": {
        "Rk": "20",
        "Age": "23",
        "Pos": "C",
        "G": "10",
        "GS": "10",
        "Att": "0",
        "Yds": "0",
        "TD": "0",
        "1D": "0",
        "Succ%": "",
        "Lng": "",
        "Y/A": "",
        "Y/G": "0.0",
        "A/G": "0.0",
        "Tgt": "0",
        "Rec": "0",
        "Y/R": "",
        "R/G": "0.0",
        "Ctch%": "",
        "Y/Tgt": "",
        "Touch": "0",
        "Y/Tch": "",
        "YScm": "-2",
        "RRTD": "0",
        "Fmb": "1",
        "Awards": ""
    }
}