{
    "Joe Mixon": {
        "Rk": "1",
        "Age": "28",
        "Pos": "RB",
        "G": "10",
        "GS": "10",
        "Att": "205",
        "Yds": "887",
        "TD": "11",
        "1D": "46",
        "Succ%": "41.5",
        "Lng": "59",
        "Y/A": "4.3",
        "Y/G": "88.7",
        "A/G": "20.5",
        "Tgt": "40",
        "Rec": "27",
        "Y/R": "9.0",
        "R/G": "2.7",
        "Ctch%": "67.5",
        "Y/Tgt": "6.1",
        "Touch": "232",
        "Y/Tch": "4.9",
        "YScm": "1131",
        "RRTD": "12",
        "Fmb": "0",
        "Awards": ""
    },
    "Nico Collins": {
        "Rk": "2",
        "Age": "25",
        "Pos": "WR",
        "G": "8",
        "GS": "8",
        "Att": "0",
        "Yds": "0",
        "TD": "0",
        "1D": "0",
        "Succ%": "",
        "Lng": "",
        "Y/A": "",
        "Y/G": "0.0",
        "A/G": "0.0",
        "Tgt": "72",
        "Rec": "49",
        "Y/R": "17.0",
        "R/G": "6.1",
        "Ctch%": "68.1",
        "Y/Tgt": "11.6",
        "Touch": "49",
        "Y/Tch": "17.0",
        "YScm": "832",
        "RRTD": "4",
        "Fmb": "0",
        "Awards": ""
    },
    "Tank Dell": {
        "Rk": "3",
        "Age": "25",
        "Pos": "WR",
        "G": "12",
        "GS": "8",
        "Att": "8",
        "Yds": "28",
        "TD": "0",
        "1D": "2",
        "Succ%": "25.0",
        "Lng": "18",
        "Y/A": "3.5",
        "Y/G": "2.3",
        "A/G": "0.7",
        "Tgt": "72",
        "Rec": "43",
        "Y/R": "12.6",
        "R/G": "3.6",
        "Ctch%": "59.7",
        "Y/Tgt": "7.5",
        "Touch": "51",
        "Y/Tch": "11.2",
        "YScm": "571",
        "RRTD": "2",
        "Fmb": "0",
        "Awards": ""
    },
    "Stefon Diggs": {
        "Rk": "4",
        "Age": "31",
        "Pos": "WR",
        "G": "8",
        "GS": "8",
        "Att": "3",
        "Yds": "8",
        "TD": "1",
        "1D": "1",
        "Succ%": "66.7",
        "Lng": "6",
        "Y/A": "2.7",
        "Y/G": "1.0",
        "A/G": "0.4",
        "Tgt": "64",
        "Rec": "47",
        "Y/R": "10.6",
        "R/G": "5.9",
        "Ctch%": "73.4",
        "Y/Tgt": "7.8",
        "Touch": "50",
        "Y/Tch": "10.1",
        "YScm": "504",
        "RRTD": "4",
        "Fmb": "0",
        "Awards": ""
    },
    "Dalton Schultz": {
        "Rk": "5",
        "Age": "28",
        "Pos": "TE",
        "G": "13",
        "GS": "9",
        "Att": "0",
        "Yds": "0",
        "TD": "0",
        "1D": "0",
        "Succ%": "",
        "Lng": "",
        "Y/A": "",
        "Y/G": "0.0",
        "A/G": "0.0",
        "Tgt": "64",
        "Rec": "41",
        "Y/R": "10.3",
        "R/G": "3.2",
        "Ctch%": "64.1",
        "Y/Tgt": "6.6",
        "Touch": "41",
        "Y/Tch": "10.3",
        "YScm": "424",
        "RRTD": "1",
        "Fmb": "0",
        "Awards": ""
    },
    "Dare Ogunbowale": {
        "Rk": "6",
        "Age": "30",
        "Pos": "RB",
        "G": "13",
        "GS": "1",
        "Att": "25",
        "Yds": "68",
        "TD": "0",
        "1D": "3",
        "Succ%": "32.0",
        "Lng": "11",
        "Y/A": "2.7",
        "Y/G": "5.2",
        "A/G": "1.9",
        "Tgt": "22",
        "Rec": "16",
        "Y/R": "10.4",
        "R/G": "1.2",
        "Ctch%": "72.7",
        "Y/Tgt": "7.5",
        "Touch": "41",
        "Y/Tch": "5.7",
        "YScm": "234",
        "RRTD": "1",
        "Fmb": "0",
        "Awards": ""
    },
    "C.J. Stroud": {
        "Rk": "7",
        "Age": "23",
        "Pos": "QB",
        "G": "13",
        "GS": "13",
        "Att": "43",
        "Yds": "199",
        "TD": "0",
        "1D": "11",
        "Succ%": "37.2",
        "Lng": "25",
        "Y/A": "4.6",
        "Y/G": "15.3",
        "A/G": "3.3",
        "Tgt": "1",
        "Rec": "0",
        "Y/R": "",
        "R/G": "0.0",
        "Ctch%": "0.0",
        "Y/Tgt": "0.0",
        "Touch": "43",
        "Y/Tch": "4.6",
        "YScm": "199",
        "RRTD": "0",
        "Fmb": "5",
        "Awards": ""
    },
    "John Metchie": {
        "Rk": "8",
        "Age": "24",
        "Pos": "WR",
        "G": "10",
        "GS": "2",
        "Att": "0",
        "Yds": "0",
        "TD": "0",
        "1D": "0",
        "Succ%": "",
        "Lng": "",
        "Y/A": "",
        "Y/G": "0.0",
        "A/G": "0.0",
        "Tgt": "21",
        "Rec": "15",
        "Y/R": "11.0",
        "R/G": "1.5",
        "Ctch%": "71.4",
        "Y/Tgt": "7.9",
        "Touch": "15",
        "Y/Tch": "11.0",
        "YScm": "165",
        "RRTD": "1",
        "Fmb": "0",
        "Awards": ""
    },
    "Cam Akers": {
        "Rk": "9",
        "Age": "25",
        "Pos": "RB",
        "G": "5",
        "GS": "2",
        "Att": "40",
        "Yds": "147",
        "TD": "1",
        "1D": "5",
        "Succ%": "30.0",
        "Lng": "15",
        "Y/A": "3.7",
        "Y/G": "29.4",
        "A/G": "8.0",
        "Tgt": "7",
        "Rec": "4",
        "Y/R": "4.0",
        "R/G": "0.8",
        "Ctch%": "57.1",
        "Y/Tgt": "2.3",
        "Touch": "44",
        "Y/Tch": "3.7",
        "YScm": "163",
        "RRTD": "2",
        "Fmb": "1",
        "Awards": ""
    },
    "Cade Stover": {
        "Rk": "10",
        "Age": "24",
        "Pos": "TE",
        "G": "13",
        "GS": "8",
        "Att": "0",
        "Yds": "0",
        "TD": "0",
        "1D": "0",
        "Succ%": "",
        "Lng": "",
        "Y/A": "",
        "Y/G": "0.0",
        "A/G": "0.0",
        "Tgt": "20",
        "Rec": "14",
        "Y/R": "9.4",
        "R/G": "1.1",
        "Ctch%": "70.0",
        "Y/Tgt": "6.6",
        "Touch": "14",
        "Y/Tch": "9.4",
        "YScm": "132",
        "RRTD": "1",
        "Fmb": "0",
        "Awards": ""
    },
    "Robert Woods": {
        "Rk": "11",
        "Age": "32",
        "Pos": "WR",
        "G": "11",
        "GS": "2",
        "Att": "0",
        "Yds": "0",
        "TD": "0",
        "1D": "0",
        "Succ%": "",
        "Lng": "",
        "Y/A": "",
        "Y/G": "0.0",
        "A/G": "0.0",
        "Tgt": "17",
        "Rec": "11",
        "Y/R": "10.2",
        "R/G": "1.0",
        "Ctch%": "64.7",
        "Y/Tgt": "6.6",
        "Touch": "11",
        "Y/Tch": "10.2",
        "YScm": "112",
        "RRTD": "0",
        "Fmb": "0",
        "Awards": ""
    },
    "Dameon Pierce": {
        "Rk": "12",
        "Age": "24",
        "Pos": "RB",
        "G": "7",
        "GS": "0",
        "Att": "15",
        "Yds": "100",
        "TD": "1",
        "1D": "2",
        "Succ%": "46.7",
        "Lng": "54",
        "Y/A": "6.7",
        "Y/G": "14.3",
        "A/G": "2.1",
        "Tgt": "2",
        "Rec": "2",
        "Y/R": "1.0",
        "R/G": "0.3",
        "Ctch%": "100.0",
        "Y/Tgt": "1.0",
        "Touch": "17",
        "Y/Tch": "6.0",
        "YScm": "102",
        "RRTD": "1",
        "Fmb": "0",
        "Awards": ""
    },
    "Xavier Hutchinson": {
        "Rk": "13",
        "Age": "24",
        "Pos": "WR",
        "G": "12",
        "GS": "2",
        "Att": "0",
        "Yds": "0",
        "TD": "0",
        "1D": "0",
        "Succ%": "",
        "Lng": "",
        "Y/A": "",
        "Y/G": "0.0",
        "A/G": "0.0",
        "Tgt": "18",
        "Rec": "7",
        "Y/R": "10.0",
        "R/G": "0.6",
        "Ctch%": "38.9",
        "Y/Tgt": "3.9",
        "Touch": "7",
        "Y/Tch": "10.0",
        "YScm": "70",
        "RRTD": "0",
        "Fmb": "0",
        "Awards": ""
    },
    "J.J. Taylor": {
        "Rk": "14",
        "Age": "26",
        "Pos": "RB",
        "G": "5",
        "GS": "0",
        "Att": "10",
        "Yds": "44",
        "TD": "0",
        "1D": "1",
        "Succ%": "50.0",
        "Lng": "9",
        "Y/A": "4.4",
        "Y/G": "8.8",
        "A/G": "2.0",
        "Tgt": "3",
        "Rec": "2",
        "Y/R": "0.0",
        "R/G": "0.4",
        "Ctch%": "66.7",
        "Y/Tgt": "0.0",
        "Touch": "12",
        "Y/Tch": "3.7",
        "YScm": "44",
        "RRTD": "0",
        "Fmb": "0",
        "Awards": ""
    },
    "Brevin Jordan": {
        "Rk": "15",
        "Age": "24",
        "Pos": "TE",
        "G": "2",
        "GS": "1",
        "Att": "0",
        "Yds": "0",
        "TD": "0",
        "1D": "0",
        "Succ%": "",
        "Lng": "",
        "Y/A": "",
        "Y/G": "0.0",
        "A/G": "0.0",
        "Tgt": "3",
        "Rec": "2",
        "Y/R": "3.5",
        "R/G": "1.0",
        "Ctch%": "66.7",
        "Y/Tgt": "2.3",
        "Touch": "2",
        "Y/Tch": "3.5",
        "YScm": "7",
        "RRTD": "0",
        "Fmb": "0",
        "Awards": ""
    },
    "British Brooks": {
        "Rk": "16",
        "Age": "25",
        "Pos": "RB",
        "G": "5",
        "GS": "0",
        "Att": "1",
        "Yds": "2",
        "TD": "0",
        "1D": "0",
        "Succ%": "0.0",
        "Lng": "2",
        "Y/A": "2.0",
        "Y/G": "0.4",
        "A/G": "0.2",
        "Tgt": "0",
        "Rec": "0",
        "Y/R": "",
        "R/G": "0.0",
        "Ctch%": "",
        "Y/Tgt": "",
        "Touch": "1",
        "Y/Tch": "2.0",
        "YScm": "2",
        "RRTD": "0",
        "Fmb": "0",
        "Awards": ""
    },
    "Steven Sims": {
        "Rk": "17",
        "Age": "27",
        "Pos": "WR",
        "G": "7",
        "GS": "0",
        "Att": "1",
        "Yds": "0",
        "TD": "0",
        "1D": "0",
        "Succ%": "0.0",
        "Lng": "",
        "Y/A": "0.0",
        "Y/G": "0.0",
        "A/G": "0.1",
        "Tgt": "0",
        "Rec": "0",
        "Y/R": "",
        "R/G": "0.0",
        "Ctch%": "",
        "Y/Tgt": "",
        "Touch": "1",
        "Y/Tch": "0.0",
        "YScm": "0",
        "RRTD": "0",
        "Fmb": "2",
        "Awards": ""
    }
}