{
    "Tony Pollard": {
        "Rk": "1",
        "Age": "27",
        "Pos": "RB",
        "G": "13",
        "GS": "13",
        "Att": "213",
        "Yds": "937",
        "TD": "4",
        "1D": "45",
        "Succ%": "48.8",
        "Lng": "41",
        "Y/A": "4.4",
        "Y/G": "72.1",
        "A/G": "16.4",
        "Tgt": "53",
        "Rec": "39",
        "Y/R": "6.0",
        "R/G": "3.0",
        "Ctch%": "73.6",
        "Y/Tgt": "4.4",
        "Touch": "252",
        "Y/Tch": "4.6",
        "YScm": "1170",
        "RRTD": "4",
        "Fmb": "1",
        "Awards": ""
    },
    "Calvin Ridley": {
        "Rk": "2",
        "Age": "30",
        "Pos": "WR",
        "G": "13",
        "GS": "11",
        "Att": "4",
        "Yds": "32",
        "TD": "1",
        "1D": "2",
        "Succ%": "75.0",
        "Lng": "10",
        "Y/A": "8.0",
        "Y/G": "2.5",
        "A/G": "0.3",
        "Tgt": "99",
        "Rec": "50",
        "Y/R": "14.8",
        "R/G": "3.8",
        "Ctch%": "50.5",
        "Y/Tgt": "7.5",
        "Touch": "54",
        "Y/Tch": "14.3",
        "YScm": "770",
        "RRTD": "4",
        "Fmb": "1",
        "Awards": ""
    },
    "Nick Westbrook-Ikhine": {
        "Rk": "3",
        "Age": "27",
        "Pos": "WR",
        "G": "13",
        "GS": "6",
        "Att": "0",
        "Yds": "0",
        "TD": "0",
        "1D": "0",
        "Succ%": "",
        "Lng": "",
        "Y/A": "",
        "Y/G": "0.0",
        "A/G": "0.0",
        "Tgt": "40",
        "Rec": "21",
        "Y/R": "18.3",
        "R/G": "1.6",
        "Ctch%": "52.5",
        "Y/Tgt": "9.6",
        "Touch": "21",
        "Y/Tch": "18.3",
        "YScm": "384",
        "RRTD": "8",
        "Fmb": "0",
        "Awards": ""
    },
    "Tyler Boyd": {
        "Rk": "4",
        "Age": "30",
        "Pos": "WR",
        "G": "13",
        "GS": "8",
        "Att": "1",
        "Yds": "3",
        "TD": "0",
        "1D": "1",
        "Succ%": "100.0",
        "Lng": "3",
        "Y/A": "3.0",
        "Y/G": "0.2",
        "A/G": "0.1",
        "Tgt": "47",
        "Rec": "33",
        "Y/R": "9.6",
        "R/G": "2.5",
        "Ctch%": "70.2",
        "Y/Tgt": "6.7",
        "Touch": "34",
        "Y/Tch": "9.4",
        "YScm": "320",
        "RRTD": "0",
        "Fmb": "0",
        "Awards": ""
    },
    "Chigoziem Okonkwo": {
        "Rk": "5",
        "Age": "25",
        "Pos": "TE",
        "G": "13",
        "GS": "7",
        "Att": "0",
        "Yds": "0",
        "TD": "0",
        "1D": "0",
        "Succ%": "",
        "Lng": "",
        "Y/A": "",
        "Y/G": "0.0",
        "A/G": "0.0",
        "Tgt": "42",
        "Rec": "30",
        "Y/R": "9.9",
        "R/G": "2.3",
        "Ctch%": "71.4",
        "Y/Tgt": "7.1",
        "Touch": "30",
        "Y/Tch": "9.9",
        "YScm": "297",
        "RRTD": "2",
        "Fmb": "2",
        "Awards": ""
    },
    "Tyjae Spears": {
        "Rk": "6",
        "Age": "23",
        "Pos": "RB",
        "G": "9",
        "GS": "0",
        "Att": "50",
        "Yds": "185",
        "TD": "1",
        "1D": "10",
        "Succ%": "46.0",
        "Lng": "19",
        "Y/A": "3.7",
        "Y/G": "20.6",
        "A/G": "5.6",
        "Tgt": "20",
        "Rec": "18",
        "Y/R": "5.0",
        "R/G": "2.0",
        "Ctch%": "90.0",
        "Y/Tgt": "4.5",
        "Touch": "68",
        "Y/Tch": "4.0",
        "YScm": "275",
        "RRTD": "1",
        "Fmb": "0",
        "Awards": ""
    },
    "Josh Whyle": {
        "Rk": "7",
        "Age": "25",
        "Pos": "TE",
        "G": "13",
        "GS": "4",
        "Att": "0",
        "Yds": "0",
        "TD": "0",
        "1D": "0",
        "Succ%": "",
        "Lng": "",
        "Y/A": "",
        "Y/G": "0.0",
        "A/G": "0.0",
        "Tgt": "24",
        "Rec": "18",
        "Y/R": "10.1",
        "R/G": "1.4",
        "Ctch%": "75.0",
        "Y/Tgt": "7.6",
        "Touch": "18",
        "Y/Tch": "10.1",
        "YScm": "182",
        "RRTD": "0",
        "Fmb": "0",
        "Awards": ""
    },
    "Will Levis": {
        "Rk": "8",
        "Age": "25",
        "Pos": "QB",
        "G": "10",
        "GS": "10",
        "Att": "39",
        "Yds": "175",
        "TD": "0",
        "1D": "19",
        "Succ%": "53.8",
        "Lng": "21",
        "Y/A": "4.5",
        "Y/G": "17.5",
        "A/G": "3.9",
        "Tgt": "0",
        "Rec": "0",
        "Y/R": "",
        "R/G": "0.0",
        "Ctch%": "",
        "Y/Tgt": "",
        "Touch": "39",
        "Y/Tch": "4.5",
        "YScm": "175",
        "RRTD": "0",
        "Fmb": "7",
        "Awards": ""
    },
    "DeAndre Hopkins": {
        "Rk": "9",
        "Age": "32",
        "Pos": "WR",
        "G": "6",
        "GS": "3",
        "Att": "0",
        "Yds": "0",
        "TD": "0",
        "1D": "0",
        "Succ%": "",
        "Lng": "",
        "Y/A": "",
        "Y/G": "0.0",
        "A/G": "0.0",
        "Tgt": "21",
        "Rec": "15",
        "Y/R": "11.5",
        "R/G": "2.5",
        "Ctch%": "71.4",
        "Y/Tgt": "8.2",
        "Touch": "15",
        "Y/Tch": "11.5",
        "YScm": "173",
        "RRTD": "1",
        "Fmb": "1",
        "Awards": ""
    },
    "Nick Vannett": {
        "Rk": "10",
        "Age": "31",
        "Pos": "TE",
        "G": "13",
        "GS": "8",
        "Att": "0",
        "Yds": "0",
        "TD": "0",
        "1D": "0",
        "Succ%": "",
        "Lng": "",
        "Y/A": "",
        "Y/G": "0.0",
        "A/G": "0.0",
        "Tgt": "16",
        "Rec": "13",
        "Y/R": "7.2",
        "R/G": "1.0",
        "Ctch%": "81.3",
        "Y/Tgt": "5.9",
        "Touch": "13",
        "Y/Tch": "7.2",
        "YScm": "94",
        "RRTD": "2",
        "Fmb": "0",
        "Awards": ""
    },
    "Julius Chestnut": {
        "Rk": "11",
        "Age": "24",
        "Pos": "RB",
        "G": "13",
        "GS": "0",
        "Att": "17",
        "Yds": "74",
        "TD": "0",
        "1D": "1",
        "Succ%": "35.3",
        "Lng": "12",
        "Y/A": "4.4",
        "Y/G": "5.7",
        "A/G": "1.3",
        "Tgt": "2",
        "Rec": "2",
        "Y/R": "5.5",
        "R/G": "0.2",
        "Ctch%": "100.0",
        "Y/Tgt": "5.5",
        "Touch": "19",
        "Y/Tch": "4.5",
        "YScm": "85",
        "RRTD": "0",
        "Fmb": "0",
        "Awards": ""
    },
    "Bryce Oliver": {
        "Rk": "12",
        "Age": "24",
        "Pos": "WR",
        "G": "6",
        "GS": "1",
        "Att": "0",
        "Yds": "0",
        "TD": "0",
        "1D": "0",
        "Succ%": "",
        "Lng": "",
        "Y/A": "",
        "Y/G": "0.0",
        "A/G": "0.0",
        "Tgt": "4",
        "Rec": "4",
        "Y/R": "18.0",
        "R/G": "0.7",
        "Ctch%": "100.0",
        "Y/Tgt": "18.0",
        "Touch": "4",
        "Y/Tch": "18.0",
        "YScm": "72",
        "RRTD": "0",
        "Fmb": "0",
        "Awards": ""
    },
    "Mason Rudolph": {
        "Rk": "13",
        "Age": "29",
        "Pos": "QB",
        "G": "4",
        "GS": "3",
        "Att": "13",
        "Yds": "61",
        "TD": "1",
        "1D": "6",
        "Succ%": "53.8",
        "Lng": "14",
        "Y/A": "4.7",
        "Y/G": "15.3",
        "A/G": "3.3",
        "Tgt": "0",
        "Rec": "0",
        "Y/R": "",
        "R/G": "0.0",
        "Ctch%": "",
        "Y/Tgt": "",
        "Touch": "13",
        "Y/Tch": "4.7",
        "YScm": "61",
        "RRTD": "1",
        "Fmb": "4",
        "Awards": ""
    },
    "Treylon Burks": {
        "Rk": "14",
        "Age": "24",
        "Pos": "WR",
        "G": "5",
        "GS": "2",
        "Att": "2",
        "Yds": "1",
        "TD": "0",
        "1D": "0",
        "Succ%": "50.0",
        "Lng": "6",
        "Y/A": "0.5",
        "Y/G": "0.2",
        "A/G": "0.4",
        "Tgt": "8",
        "Rec": "4",
        "Y/R": "8.5",
        "R/G": "0.8",
        "Ctch%": "50.0",
        "Y/Tgt": "4.3",
        "Touch": "6",
        "Y/Tch": "5.8",
        "YScm": "35",
        "RRTD": "0",
        "Fmb": "0",
        "Awards": ""
    },
    "Jha'Quan Jackson": {
        "Rk": "15",
        "Age": "24",
        "Pos": "WR",
        "G": "12",
        "GS": "0",
        "Att": "1",
        "Yds": "-5",
        "TD": "0",
        "1D": "0",
        "Succ%": "0.0",
        "Lng": "",
        "Y/A": "-5.0",
        "Y/G": "-0.4",
        "A/G": "0.1",
        "Tgt": "3",
        "Rec": "1",
        "Y/R": "8.0",
        "R/G": "0.1",
        "Ctch%": "33.3",
        "Y/Tgt": "2.7",
        "Touch": "2",
        "Y/Tch": "1.5",
        "YScm": "3",
        "RRTD": "0",
        "Fmb": "5",
        "Awards": ""
    },
    "JC Latham": {
        "Rk": "16",
        "Age": "21",
        "Pos": "OT",
        "G": "13",
        "GS": "13",
        "Att": "0",
        "Yds": "0",
        "TD": "0",
        "1D": "0",
        "Succ%": "",
        "Lng": "",
        "Y/A": "",
        "Y/G": "0.0",
        "A/G": "0.0",
        "Tgt": "1",
        "Rec": "1",
        "Y/R": "0.0",
        "R/G": "0.1",
        "Ctch%": "100.0",
        "Y/Tgt": "0.0",
        "Touch": "1",
        "Y/Tch": "0.0",
        "YScm": "0",
        "RRTD": "0",
        "Fmb": "0",
        "Awards": ""
    },
    "David Martin-Robinson": {
        "Rk": "17",
        "Age": "25",
        "Pos": "TE",
        "G": "1",
        "GS": "0",
        "Att": "0",
        "Yds": "0",
        "TD": "0",
        "1D": "0",
        "Succ%": "",
        "Lng": "",
        "Y/A": "",
        "Y/G": "0.0",
        "A/G": "0.0",
        "Tgt": "1",
        "Rec": "0",
        "Y/R": "",
        "R/G": "0.0",
        "Ctch%": "0.0",
        "Y/Tgt": "0.0",
        "Touch": "0",
        "Y/Tch": "",
        "YScm": "0",
        "RRTD": "0",
        "Fmb": "0",
        "Awards": ""
    }
}